row_index,bertopic_topic,bertopic_prob
1,1,1.0
2,3,0.9522982649785308
3,-1,0.0
4,0,0.6335754532872453
5,0,0.5735290394346804
6,-1,0.0
7,-1,0.0
8,-1,0.0
9,-1,0.0
10,1,1.0
11,-1,0.0
12,24,1.0
13,-1,0.0
14,2,1.0
15,-1,0.0
16,-1,0.0
17,2,1.0
18,4,0.9983700811511491
19,2,0.7269965192140673
20,1,1.0
21,-1,0.0
22,-1,0.0
23,-1,0.0
24,3,0.6169157203868059
25,-1,0.0
26,-1,0.0
27,1,1.0
28,1,1.0
29,12,0.9915169999659419
30,-1,0.0
31,-1,0.0
32,-1,0.0
33,0,0.8113934362587896
34,0,0.884182135931088
35,0,1.0
36,12,0.8609068092938558
37,2,0.939300289155567
38,3,0.6207037415731536
39,0,1.0
40,6,0.7218298830092698
41,0,0.8171956313671501
42,-1,0.0
43,12,1.0
44,25,1.0
45,25,1.0
46,0,1.0
47,12,1.0
48,-1,0.0
49,7,0.3171350708614365
50,-1,0.0
51,-1,0.0
52,-1,0.0
53,-1,0.0
54,8,0.42762090407598663
55,17,1.0
56,-1,0.0
57,-1,0.0
58,0,0.7916886224175579
59,-1,0.0
60,-1,0.0
61,17,1.0
62,1,1.0
63,1,1.0
64,1,1.0
65,1,1.0
66,-1,0.0
67,-1,0.0
68,0,1.0
69,13,1.0
70,-1,0.0
71,-1,0.0
72,-1,0.0
73,-1,0.0
74,-1,0.0
75,11,0.7425050054292073
76,0,0.8002495578174493
77,0,0.7991677625223566
78,-1,0.0
79,12,0.8776294315343816
80,0,1.0
81,6,1.0
82,13,1.0
83,-1,0.0
84,-1,0.0
85,13,1.0
86,11,1.0
87,-1,0.0
88,-1,0.0
89,2,1.0
90,-1,0.0
91,-1,0.0
92,1,1.0
93,1,1.0
94,-1,0.0
95,2,0.8650418852746736
96,0,0.5522468470807816
97,-1,0.0
98,-1,0.0
99,23,1.0
100,-1,0.0
101,-1,0.0
102,7,0.30742192666413964
103,12,0.7853309421974235
104,12,0.842878443449573
105,-1,0.0
106,-1,0.0
107,12,0.8510750327064971
108,5,1.0
109,-1,0.0
110,12,0.8194355281837092
111,6,1.0
112,22,0.4149874397990731
113,-1,0.0
114,29,1.0
115,20,0.6489893887434024
116,-1,0.0
117,-1,0.0
118,-1,0.0
119,27,1.0
120,27,1.0
121,-1,0.0
122,-1,0.0
123,-1,0.0
124,23,1.0
125,-1,0.0
126,-1,0.0
127,8,0.22294600072372894
128,1,1.0
129,4,0.9862548866244405
130,1,1.0
131,1,1.0
132,-1,0.0
133,-1,0.0
134,16,1.0
135,-1,0.0
136,0,1.0
137,-1,0.0
138,3,1.0
139,18,0.9069471902456517
140,0,0.5643540871515458
141,5,1.0
142,-1,0.0
143,-1,0.0
144,-1,0.0
145,12,1.0
146,6,0.7119551016315802
147,29,1.0
148,-1,0.0
149,-1,0.0
150,-1,0.0
151,5,0.5713003770892924
152,25,0.8302675817106906
153,7,0.6846158680641289
154,27,1.0
155,0,0.668753492633699
156,27,1.0
157,20,1.0
158,-1,0.0
159,18,0.9721081903679359
160,-1,0.0
161,29,1.0
162,12,1.0
163,1,1.0
164,5,1.0
165,1,1.0
166,0,0.7585383592482497
167,0,0.6925533151079651
168,0,0.6610916054227299
169,0,0.8052072365951002
170,-1,0.0
171,-1,0.0
172,-1,0.0
173,-1,0.0
174,6,1.0
175,24,1.0
176,0,0.8998799670077485
177,2,0.9244382921367312
178,5,1.0
179,5,0.7470128947989184
180,-1,0.0
181,-1,0.0
182,0,0.8187630437338086
183,2,0.726678619167063
184,7,0.3305005498838922
185,2,1.0
186,-1,0.0
187,3,1.0
188,-1,0.0
189,-1,0.0
190,-1,0.0
191,-1,0.0
192,0,0.710047334331654
193,24,1.0
194,2,1.0
195,1,1.0
196,1,1.0
197,3,0.6283028104619651
198,0,0.7306928644899943
199,-1,0.0
200,9,0.9143429097800734
201,5,1.0
202,9,0.9918140711133124
203,12,1.0
204,6,1.0
205,18,0.764471251929257
206,9,0.989251691276518
207,9,1.0
208,10,0.784091966568628
209,-1,0.0
210,29,1.0
211,6,0.6608173295247404
212,-1,0.0
213,9,1.0
214,17,1.0
215,2,0.5196304436323297
216,-1,0.0
217,18,0.8064818863130248
218,27,1.0
219,24,1.0
220,-1,0.0
221,4,0.9559814965841282
222,8,0.7915648440438816
223,18,0.8507641109968422
224,1,1.0
225,1,1.0
226,0,1.0
227,0,0.8048805451508865
228,15,0.6965765440287182
229,3,0.9522982649785308
230,2,1.0
231,-1,0.0
232,4,0.9005491901665316
233,-1,0.0
234,-1,0.0
235,0,0.5579892820630634
236,-1,0.0
237,18,1.0
238,-1,0.0
239,15,0.5580098075243707
240,-1,0.0
241,-1,0.0
242,-1,0.0
243,4,0.9686805040663061
244,18,0.9471563992728567
245,4,0.985496855399463
246,12,1.0
247,-1,0.0
248,-1,0.0
249,0,0.5589069974145281
250,6,1.0
251,4,0.8819525260761689
252,4,1.0
253,-1,0.0
254,-1,0.0
255,-1,0.0
256,-1,0.0
257,4,0.8692131395351679
258,1,1.0
259,0,1.0
260,1,1.0
261,-1,0.0
262,-1,0.0
263,12,0.8027542646032937
264,5,0.7998824881010448
265,-1,0.0
266,-1,0.0
267,-1,0.0
268,4,1.0
269,5,0.8051973387061128
270,6,1.0
271,-1,0.0
272,0,0.5435425870091574
273,26,0.9859762700480822
274,-1,0.0
275,26,1.0
276,26,1.0
277,9,1.0
278,23,1.0
279,-1,0.0
280,18,1.0
281,17,1.0
282,18,0.9811868139059471
283,8,0.38025937338615756
284,22,1.0
285,18,1.0
286,23,0.857266586628162
287,20,0.624580109227103
288,-1,0.0
289,5,0.6288274529440763
290,-1,0.0
291,1,1.0
292,1,1.0
293,-1,0.0
294,3,0.7576370694014761
295,6,0.7437256122030909
296,0,0.8737062161685784
297,-1,0.0
298,24,1.0
299,28,1.0
300,28,1.0
301,17,1.0
302,-1,0.0
303,22,0.9464980393825086
304,-1,0.0
305,9,0.9939837446094351
306,-1,0.0
307,3,0.6250154103695565
308,-1,0.0
309,-1,0.0
310,5,0.5954263707290469
311,-1,0.0
312,20,1.0
313,18,0.9889929141512571
314,24,1.0
315,-1,0.0
316,1,1.0
317,1,1.0
318,3,1.0
319,15,0.6602066967645194
320,-1,0.0
321,0,0.9728831673810198
322,0,1.0
323,24,1.0
324,24,1.0
325,0,1.0
326,1,1.0
327,1,1.0
328,1,1.0
329,22,1.0
330,3,0.9522982649785308
331,5,0.9085165929312828
332,-1,0.0
333,0,1.0
334,-1,0.0
335,-1,0.0
336,0,0.9751700952864102
337,18,0.9756695675190581
338,0,1.0
339,-1,0.0
340,12,1.0
341,-1,0.0
342,6,1.0
343,-1,0.0
344,-1,0.0
345,0,1.0
346,-1,0.0
347,-1,0.0
348,0,1.0
349,0,1.0
350,-1,0.0
351,-1,0.0
352,1,1.0
353,22,0.5126878620877454
354,-1,0.0
355,-1,0.0
356,0,0.7529506952014702
357,6,0.6721298971339055
358,6,1.0
359,-1,0.0
360,-1,0.0
361,0,1.0
362,20,0.712828523227068
363,5,1.0
364,12,1.0
365,3,0.6884409221018387
366,12,0.8205017397494568
367,-1,0.0
368,0,1.0
369,2,0.9735132053930655
370,0,1.0
371,4,0.8898460684790661
372,-1,0.0
373,-1,0.0
374,22,0.6127333338675287
375,-1,0.0
376,5,0.7314247787995566
377,20,1.0
378,20,1.0
379,5,0.7606083199118935
380,28,1.0
381,12,1.0
382,12,0.7801585866219106
383,1,1.0
384,1,1.0
385,3,0.6595116693918195
386,3,0.9522982649785308
387,3,0.8538326273948604
388,0,1.0
389,5,1.0
390,0,0.6711943323144051
391,-1,0.0
392,-1,0.0
393,2,1.0
394,-1,0.0
395,21,1.0
396,-1,0.0
397,0,1.0
398,5,0.7311575224948995
399,6,1.0
400,-1,0.0
401,0,0.41325623187568655
402,0,0.5896564036843185
403,-1,0.0
404,0,1.0
405,-1,0.0
406,0,0.5760039671451298
407,11,0.7790441247283066
408,29,1.0
409,-1,0.0
410,-1,0.0
411,-1,0.0
412,-1,0.0
413,1,1.0
414,0,1.0
415,-1,0.0
416,1,1.0
417,1,1.0
418,-1,0.0
419,12,0.7897103699405607
420,0,1.0
421,0,1.0
422,0,0.9071294413539106
423,-1,0.0
424,6,0.8044783409829597
425,-1,0.0
426,-1,0.0
427,0,0.4436178316999508
428,-1,0.0
429,25,1.0
430,-1,0.0
431,2,0.8425737756431911
432,-1,0.0
433,-1,0.0
434,-1,0.0
435,14,1.0
436,-1,0.0
437,-1,0.0
438,-1,0.0
439,11,0.6523526084980784
440,27,0.9624957498263434
441,1,1.0
442,2,0.8535125662696782
443,20,0.9623441272840313
444,1,1.0
445,1,1.0
446,1,1.0
447,0,0.4502641151363773
448,0,0.9202846180382912
449,13,1.0
450,-1,0.0
451,13,1.0
452,-1,0.0
453,-1,0.0
454,-1,0.0
455,0,0.7886524482773998
456,0,0.4521147861718783
457,10,0.8295023255079939
458,6,1.0
459,13,1.0
460,-1,0.0
461,-1,0.0
462,13,1.0
463,18,1.0
464,-1,0.0
465,17,1.0
466,4,0.9076664898544384
467,18,1.0
468,-1,0.0
469,-1,0.0
470,1,1.0
471,-1,0.0
472,19,0.44590385176237246
473,5,1.0
474,-1,0.0
475,-1,0.0
476,1,1.0
477,-1,0.0
478,1,1.0
479,-1,0.0
480,5,0.9947049035119929
481,19,0.4869322718930463
482,0,1.0
483,9,0.8690372585590015
484,-1,0.0
485,6,1.0
486,-1,0.0
487,-1,0.0
488,3,0.6761059988590589
489,0,0.9955875603367558
490,0,0.7557986915516893
491,-1,0.0
492,-1,0.0
493,5,0.9800006068311048
494,0,0.705709009715498
495,0,0.38423374752261225
496,-1,0.0
497,-1,0.0
498,-1,0.0
499,1,1.0
500,2,0.8698937200578548
501,2,0.9928354404712363
502,12,0.7755669736868801
503,1,1.0
504,1,1.0
505,-1,0.0
506,4,0.8978630515484791
507,5,0.707504045735834
508,-1,0.0
509,5,0.5645189048826206
510,0,0.7328115547516026
511,-1,0.0
512,6,1.0
513,5,1.0
514,-1,0.0
515,-1,0.0
516,0,0.3518852928594376
517,-1,0.0
518,-1,0.0
519,-1,0.0
520,-1,0.0
521,3,0.7894034899609164
522,-1,0.0
523,7,0.3425911699129426
524,-1,0.0
525,19,0.5403253650636353
526,12,0.9426858451861091
527,9,0.9271355087107502
528,12,0.8288915074818616
529,10,0.7076666221096667
530,-1,0.0
531,-1,0.0
532,1,1.0
533,1,1.0
534,1,1.0
535,1,1.0
536,10,1.0
537,10,1.0
538,-1,0.0
539,0,0.7337887996704765
540,0,0.5534115158947653
541,2,0.6725711796872982
542,-1,0.0
543,-1,0.0
544,4,0.9062423478371483
545,0,0.3865350336331893
546,-1,0.0
547,-1,0.0
548,10,0.9424867570204335
549,0,0.3873613042047156
550,6,1.0
551,0,1.0
552,2,0.7580657365433523
553,5,0.5627032216649374
554,11,0.6523526084980784
555,-1,0.0
556,-1,0.0
557,9,0.8092296261168355
558,19,1.0
559,9,1.0
560,-1,0.0
561,-1,0.0
562,5,0.7777347072945708
563,-1,0.0
564,-1,0.0
565,-1,0.0
566,26,1.0
567,26,1.0
568,-1,0.0
569,0,0.8168324684497662
570,-1,0.0
571,-1,0.0
572,-1,0.0
573,1,1.0
574,-1,0.0
575,1,1.0
576,0,0.6537609314260777
577,-1,0.0
578,0,1.0
579,-1,0.0
580,-1,0.0
581,21,1.0
582,0,0.9606463858373043
583,0,0.4533289923886914
584,-1,0.0
585,-1,0.0
586,5,0.9996892932829581
587,26,1.0
588,-1,0.0
589,0,0.683787861761621
590,1,1.0
591,-1,0.0
592,0,0.690582769152212
593,-1,0.0
594,15,0.4543885869127342
595,-1,0.0
596,4,1.0
597,-1,0.0
598,9,0.6074010803346417
599,0,0.4622360787569113
600,4,1.0
601,-1,0.0
602,-1,0.0
603,-1,0.0
604,1,1.0
605,1,1.0
606,1,1.0
607,1,1.0
608,4,0.9484030672316452
609,0,0.9845812928848185
610,5,0.7759206158115037
611,-1,0.0
612,20,0.7713884934780232
613,-1,0.0
614,0,0.9931850497636671
615,0,1.0
616,-1,0.0
617,-1,0.0
618,-1,0.0
619,-1,0.0
620,0,1.0
621,-1,0.0
622,3,0.6436507080298517
623,15,1.0
624,0,0.4226647161659209
625,-1,0.0
626,-1,0.0
627,13,0.5495028886890477
628,6,0.6201316093271283
629,-1,0.0
630,7,0.38170218450004845
631,7,0.3691277724752913
632,-1,0.0
633,-1,0.0
634,1,0.8363841007993665
635,-1,0.0
636,1,1.0
637,1,1.0
638,0,0.5966881649894812
639,26,1.0
640,26,1.0
641,-1,0.0
642,27,1.0
643,0,0.4935454627058478
644,-1,0.0
645,2,0.9430884107414602
646,14,0.8834609284857834
647,6,1.0
648,-1,0.0
649,4,1.0
650,21,0.29429489301872314
651,-1,0.0
652,14,1.0
653,-1,0.0
654,4,1.0
655,-1,0.0
656,4,0.8817364222266552
657,-1,0.0
658,-1,0.0
659,-1,0.0
660,1,1.0
661,1,1.0
662,19,0.459080856403871
663,26,1.0
664,16,0.7961905790044843
665,26,1.0
666,-1,0.0
667,16,0.7812878337414171
668,16,0.754217549980598
669,10,1.0
670,28,1.0
671,-1,0.0
672,27,1.0
673,14,0.9963006237231545
674,24,1.0
675,-1,0.0
676,3,0.6077586148358318
677,6,0.8462837914158621
678,16,0.889233359612197
679,17,1.0
680,23,1.0
681,28,0.9652466705890936
682,1,1.0
683,27,1.0
684,27,0.969487297231085
685,5,0.6924877871004848
686,16,0.7343966673199082
687,6,0.6865642206636594
688,1,1.0
689,1,1.0
690,1,1.0
691,-1,0.0
692,-1,0.0
693,5,1.0
694,0,1.0
695,0,0.4812871825881941
696,6,1.0
697,11,0.6523526084980784
698,-1,0.0
699,-1,0.0
700,5,1.0
701,3,0.9090946093447438
702,0,1.0
703,-1,0.0
704,-1,0.0
705,-1,0.0
706,12,0.9832023205626679
707,7,0.39427247655911624
708,-1,0.0
709,-1,0.0
710,25,1.0
711,16,0.9282545765106484
712,2,1.0
713,-1,0.0
714,0,1.0
715,1,1.0
716,-1,0.0
717,-1,0.0
718,-1,0.0
719,5,0.7728641362426607
720,1,0.762125648474712
721,1,1.0
722,1,1.0
723,-1,0.0
724,-1,0.0
725,-1,0.0
726,0,0.46415770466511713
727,0,0.6062995600821796
728,2,0.8503031622646001
729,5,1.0
730,26,1.0
731,6,1.0
732,-1,0.0
733,0,0.7523972917020096
734,0,1.0
735,5,0.9131242834778134
736,12,0.9316258331786914
737,0,0.7450695360076145
738,0,0.731966005477223
739,-1,0.0
740,-1,0.0
741,0,1.0
742,7,0.6689585388641572
743,9,1.0
744,-1,0.0
745,15,0.48218780228122543
746,10,1.0
747,1,1.0
748,-1,0.0
749,5,1.0
750,1,1.0
751,1,1.0
752,1,1.0
753,1,1.0
754,3,0.842596375335322
755,-1,0.0
756,9,0.603022615597307
757,-1,0.0
758,9,0.8013808806945344
759,-1,0.0
760,-1,0.0
761,0,0.44667917739448476
762,-1,0.0
763,-1,0.0
764,0,0.680629670707179
765,10,1.0
766,-1,0.0
767,-1,0.0
768,-1,0.0
769,-1,0.0
770,-1,0.0
771,-1,0.0
772,4,0.9019987769901066
773,-1,0.0
774,-1,0.0
775,0,1.0
776,-1,0.0
777,0,0.7382431293139192
778,0,0.6652294028271749
779,10,1.0
780,-1,0.0
781,3,0.6814015810495986
782,0,1.0
783,-1,0.0
784,1,1.0
785,1,1.0
786,1,1.0
787,-1,0.0
788,0,1.0
789,0,0.4541642574598394
790,-1,0.0
791,0,1.0
792,-1,0.0
793,0,0.48595452646722864
794,15,1.0
795,-1,0.0
796,6,0.9652009677593051
797,0,1.0
798,0,1.0
799,-1,0.0
800,-1,0.0
801,18,0.8380373656716001
802,25,1.0
803,22,1.0
804,4,1.0
805,23,1.0
806,17,1.0
807,4,0.9798321244195805
808,29,1.0
809,-1,0.0
810,12,1.0
811,12,0.8695185916016924
812,-1,0.0
813,-1,0.0
814,-1,0.0
815,0,0.7420528196975302
816,0,0.8311695858068989
817,1,0.923120443424032
818,11,0.6523526084980784
819,19,0.31036177395410125
820,-1,0.0
821,5,0.8575089332513599
822,1,0.9272508256575427
823,1,1.0
824,1,1.0
825,-1,0.0
826,27,1.0
827,0,0.5410169686096942
828,-1,0.0
829,-1,0.0
830,0,0.4675306687096355
831,-1,0.0
832,12,0.9459497131716968
833,6,1.0
834,13,0.3767945514892124
835,23,0.8668123391500423
836,29,1.0
837,-1,0.0
838,9,0.8369107662031097
839,-1,0.0
840,15,0.7080938169919859
841,-1,0.0
842,2,0.9506234069911683
843,-1,0.0
844,21,0.9221245323087943
845,13,1.0
846,24,1.0
847,11,0.955370284567439
848,-1,0.0
849,5,1.0
850,13,1.0
851,0,1.0
852,1,1.0
853,1,1.0
854,1,1.0
855,-1,0.0
856,-1,0.0
857,-1,0.0
858,10,0.8512841662397771
859,0,0.44820806947971187
860,-1,0.0
861,5,1.0
862,1,1.0
863,-1,0.0
864,-1,0.0
865,-1,0.0
866,0,1.0
867,-1,0.0
868,6,1.0
869,-1,0.0
870,19,0.4320483189071468
871,-1,0.0
872,-1,0.0
873,-1,0.0
874,-1,0.0
875,29,1.0
876,-1,0.0
877,13,0.5495028886890477
878,11,1.0
879,-1,0.0
880,-1,0.0
881,-1,0.0
882,-1,0.0
883,-1,0.0
884,-1,0.0
885,-1,0.0
886,5,1.0
887,16,0.7772010897495076
888,0,0.4436924304550994
889,8,0.29799914346485684
890,1,1.0
891,-1,0.0
892,1,1.0
893,12,1.0
894,-1,0.0
895,-1,0.0
896,-1,0.0
897,19,1.0
898,3,0.6221237907846936
899,-1,0.0
900,12,0.850667691201271
901,-1,0.0
902,0,0.44933055480341605
903,12,0.7833758920221483
904,24,1.0
905,0,1.0
906,20,1.0
907,23,0.9012518034133702
908,0,1.0
909,7,0.3865643129778334
910,19,0.43604283728615056
911,6,0.9578405844046337
912,-1,0.0
913,-1,0.0
914,-1,0.0
915,-1,0.0
916,2,0.7772480880125026
917,-1,0.0
918,1,1.0
919,8,0.26249008486063313
920,-1,0.0
921,20,1.0
922,1,1.0
923,1,1.0
924,-1,0.0
925,-1,0.0
926,-1,0.0
927,12,1.0
928,0,0.7015215420131738
929,0,0.758089059496685
930,-1,0.0
931,1,1.0
932,0,0.6103252512165229
933,6,0.7190630614691818
934,-1,0.0
935,0,0.7033695643719164
936,0,0.8417759516891802
937,5,0.5888072867404494
938,-1,0.0
939,-1,0.0
940,19,1.0
941,0,0.4964088684044001
942,-1,0.0
943,-1,0.0
944,-1,0.0
945,19,1.0
946,-1,0.0
947,29,0.966890208541932
948,29,1.0
949,-1,0.0
950,-1,0.0
951,-1,0.0
952,-1,0.0
953,-1,0.0
954,0,0.48820572593419326
955,6,0.7621847315095067
956,19,0.9380977571201679
957,10,0.8888983452070435
958,2,0.9781613537149304
959,-1,0.0
960,12,1.0
961,11,0.6523526084980784
962,-1,0.0
963,5,0.6067569516420203
964,-1,0.0
965,-1,0.0
966,1,1.0
967,1,1.0
968,12,1.0
969,10,0.925484992941206
970,0,0.49591769139207015
971,0,0.8204701287302207
972,4,1.0
973,3,0.7334492814262237
974,5,0.5647173538704889
975,-1,0.0
976,-1,0.0
977,-1,0.0
978,-1,0.0
979,-1,0.0
980,0,0.5646236002035102
981,12,0.8465537548472548
982,21,1.0
983,6,1.0
984,14,0.872924039839005
985,-1,0.0
986,2,1.0
987,29,1.0
988,20,1.0
989,16,0.9767185755128156
990,-1,0.0
991,17,1.0
992,17,0.8659686932502172
993,-1,0.0
994,17,1.0
995,17,1.0
996,17,1.0
997,-1,0.0
998,3,0.6255513397952424
999,12,1.0
1000,8,0.41890551073931076
1001,0,1.0
1002,1,1.0
1003,1,1.0
1004,1,1.0
1005,-1,0.0
1006,4,1.0
1007,4,1.0
1008,-1,0.0
1009,0,0.4468294839164122
1010,14,0.7851712795832567
1011,-1,0.0
1012,5,0.7826357958908435
1013,-1,0.0
1014,-1,0.0
1015,22,0.7577020110117767
1016,0,0.615542570802038
1017,0,0.6796572947998512
1018,9,1.0
1019,-1,0.0
1020,4,1.0
1021,7,0.3442957810552244
1022,4,1.0
1023,14,0.7520327069086704
1024,-1,0.0
1025,17,1.0
1026,11,0.6523526084980784
1027,11,0.6523526084980784
1028,0,0.8267507428002243
1029,1,1.0
1030,2,0.9100299335591208
1031,-1,0.0
1032,19,0.6392148116797919
1033,5,1.0
1034,29,1.0
1035,-1,0.0
1036,4,1.0
1037,1,1.0
1038,1,0.7804689090339545
1039,1,1.0
1040,-1,0.0
1041,-1,0.0
1042,0,1.0
1043,26,0.9761821412193428
1044,-1,0.0
1045,-1,0.0
1046,-1,0.0
1047,0,0.4404284821982742
1048,-1,0.0
1049,26,1.0
1050,26,1.0
1051,0,1.0
1052,10,0.8609256695656327
1053,12,0.8534926416616836
1054,-1,0.0
1055,26,1.0
1056,-1,0.0
1057,14,0.9320282862302598
1058,4,1.0
1059,-1,0.0
1060,-1,0.0
1061,-1,0.0
1062,5,0.5946666985026824
1063,-1,0.0
1064,-1,0.0
1065,4,0.9426652748616776
1066,-1,0.0
1067,-1,0.0
1068,-1,0.0
1069,0,0.4606432628580606
1070,26,1.0
1071,0,1.0
1072,14,0.7656925589632935
1073,1,0.9424529923693316
1074,1,1.0
1075,3,0.7977925135590874
1076,-1,0.0
1077,-1,0.0
1078,0,0.48793348567871225
1079,13,0.46082554062676573
1080,6,0.4376735840054694
1081,-1,0.0
1082,1,1.0
1083,23,1.0
1084,-1,0.0
1085,-1,0.0
1086,2,1.0
1087,0,0.3672780763032163
1088,24,1.0
1089,-1,0.0
1090,-1,0.0
1091,5,0.8790860282210478
1092,-1,0.0
1093,7,0.29892313595741615
1094,0,0.38454726602303
1095,-1,0.0
1096,14,0.9664032089741317
1097,-1,0.0
1098,23,1.0
1099,-1,0.0
1100,-1,0.0
1101,21,1.0
1102,6,0.5644392378539399
1103,1,0.9633524380572787
1104,1,1.0
1105,12,0.8892265370056243
1106,9,0.9544245815216973
1107,-1,0.0
1108,-1,0.0
1109,3,0.7894034899609164
1110,-1,0.0
1111,0,0.5093034069929283
1112,0,0.36590399311972416
1113,0,0.36260709920279866
1114,-1,0.0
1115,6,1.0
1116,-1,0.0
1117,-1,0.0
1118,0,0.3754297185830102
1119,5,0.5822559626510393
1120,19,1.0
1121,-1,0.0
1122,8,0.22430667028109172
1123,7,0.4228758981751311
1124,-1,0.0
1125,-1,0.0
1126,9,0.6356313824142136
1127,-1,0.0
1128,-1,0.0
1129,5,1.0
1130,1,1.0
1131,-1,0.0
1132,5,0.8006466489746451
1133,-1,0.0
1134,-1,0.0
1135,-1,0.0
1136,1,1.0
1137,8,0.3314114501285617
1138,1,1.0
1139,10,0.8663475290248869
1140,0,0.48237459533180715
1141,0,0.4864773006465036
1142,-1,0.0
1143,0,0.48825830409120136
1144,-1,0.0
1145,6,0.3587462787401968
1146,6,0.39969665183143044
1147,0,1.0
1148,20,1.0
1149,2,0.9880648891097815
1150,9,0.664620920076393
1151,-1,0.0
1152,-1,0.0
1153,-1,0.0
1154,-1,0.0
1155,-1,0.0
1156,-1,0.0
1157,-1,0.0
1158,-1,0.0
1159,0,1.0
1160,0,1.0
1161,-1,0.0
1162,-1,0.0
1163,-1,0.0
1164,-1,0.0
1165,8,0.2822607635328775
1166,1,1.0
1167,1,1.0
1168,-1,0.0
1169,1,1.0
1170,-1,0.0
1171,-1,0.0
1172,0,0.7695278430274713
1173,-1,0.0
1174,-1,0.0
1175,5,0.6326153560274792
1176,3,0.9379061233073763
1177,-1,0.0
1178,3,0.9270457236130774
1179,0,1.0
1180,3,0.619379960535388
1181,0,0.9973634956961677
1182,13,0.3959757548297112
1183,3,0.872468528857768
1184,12,0.9097791386192614
1185,-1,0.0
1186,26,0.9979453278985003
1187,6,0.6702053077107087
1188,-1,0.0
1189,-1,0.0
1190,7,0.2933021221265084
1191,-1,0.0
1192,-1,0.0
1193,15,1.0
1194,0,1.0
1195,-1,0.0
1196,10,1.0
1197,-1,0.0
1198,22,1.0
1199,1,1.0
1200,1,1.0
1201,-1,0.0
1202,20,1.0
1203,-1,0.0
1204,0,0.7127103087986589
1205,9,0.6487025488651731
1206,-1,0.0
1207,1,1.0
1208,-1,0.0
1209,26,1.0
1210,0,1.0
1211,0,1.0
1212,-1,0.0
1213,-1,0.0
1214,0,0.7117304810698168
1215,-1,0.0
1216,6,0.8363203040870156
1217,1,1.0
1218,17,1.0
1219,-1,0.0
1220,23,1.0
1221,12,0.9901656792296412
1222,7,0.41024267498009936
1223,-1,0.0
1224,5,0.8685940087754027
1225,0,1.0
1226,-1,0.0
1227,12,0.7679092385192241
1228,-1,0.0
1229,-1,0.0
1230,-1,0.0
1231,-1,0.0
1232,-1,0.0
1233,26,1.0
1234,-1,0.0
1235,1,0.9350511723263806
1236,1,1.0
1237,11,0.8972877081639837
1238,4,0.9911137066267279
1239,11,0.7056401880516548
1240,-1,0.0
1241,0,1.0
1242,11,0.8713065105920557
1243,0,1.0
1244,-1,0.0
1245,-1,0.0
1246,13,1.0
1247,0,1.0
1248,0,1.0
1249,-1,0.0
1250,9,1.0
1251,11,1.0
1252,-1,0.0
1253,1,1.0
1254,-1,0.0
1255,-1,0.0
1256,-1,0.0
1257,5,0.642575860173303
1258,-1,0.0
1259,1,0.97367659223402
1260,11,0.7277890214604819
1261,1,1.0
1262,0,0.6867650757773613
1263,19,1.0
1264,-1,0.0
1265,-1,0.0
1266,0,1.0
1267,-1,0.0
1268,2,0.9715521934861467
1269,-1,0.0
1270,0,1.0
1271,3,0.7744236194129402
1272,0,1.0
1273,-1,0.0
1274,0,0.4730397144369092
1275,-1,0.0
1276,3,0.9522982649785308
1277,0,1.0
1278,19,1.0
1279,-1,0.0
1280,6,0.3770132612962813
1281,-1,0.0
1282,7,0.28346168327152754
1283,-1,0.0
1284,15,0.973836859292871
1285,3,0.6955506700963278
1286,-1,0.0
1287,-1,0.0
1288,10,0.8265600216616624
1289,18,0.7658432556660032
1290,-1,0.0
1291,1,0.8061525781902702
1292,1,1.0
1293,1,1.0
1294,-1,0.0
1295,-1,0.0
1296,26,0.9832472710857246
1297,-1,0.0
1298,0,1.0
1299,-1,0.0
1300,-1,0.0
1301,-1,0.0
1302,3,0.7765782737319844
1303,0,1.0
1304,1,1.0
1305,-1,0.0
1306,2,0.6588212893256656
1307,-1,0.0
1308,-1,0.0
1309,0,0.47184881396092465
1310,-1,0.0
1311,-1,0.0
1312,-1,0.0
1313,12,0.9872076635328438
1314,6,1.0
1315,4,1.0
1316,7,0.34827530510064547
1317,-1,0.0
1318,4,1.0
1319,-1,0.0
1320,17,0.9945370865883826
1321,15,0.7747651486440575
1322,5,1.0
1323,27,0.9858261887201023
1324,10,1.0
1325,10,0.7060187768031096
1326,5,0.913640786308537
1327,6,0.8646245508815668
1328,1,1.0
1329,1,1.0
1330,5,0.6174205658174787
1331,-1,0.0
1332,10,0.8570229489334843
1333,-1,0.0
1334,-1,0.0
1335,-1,0.0
1336,10,1.0
1337,-1,0.0
1338,0,1.0
1339,-1,0.0
1340,-1,0.0
1341,0,1.0
1342,-1,0.0
1343,1,1.0
1344,1,1.0
1345,0,0.7202729919202882
1346,-1,0.0
1347,-1,0.0
1348,-1,0.0
1349,-1,0.0
1350,20,1.0
1351,20,1.0
1352,-1,0.0
1353,27,1.0
1354,3,0.774446727446012
1355,9,0.6020116019527848
1356,1,1.0
1357,1,1.0
1358,1,1.0
1359,8,0.7061142574924479
1360,10,0.9632584485473293
1361,3,0.860304986647194
1362,10,0.7213088597217008
1363,-1,0.0
1364,5,0.5882428565584056
1365,-1,0.0
1366,3,0.7146208624981963
1367,-1,0.0
1368,12,0.893031760084296
1369,0,0.6977481284022464
1370,-1,0.0
1371,-1,0.0
1372,4,0.9789604853043185
1373,0,0.8216263652830822
1374,12,0.845907021404494
1375,21,0.32848968330007056
1376,-1,0.0
1377,-1,0.0
1378,6,0.48659994125561035
1379,-1,0.0
1380,-1,0.0
1381,23,0.9228682062280036
1382,-1,0.0
1383,1,0.8840107031436005
1384,1,1.0
1385,1,1.0
1386,-1,0.0
1387,4,1.0
1388,26,1.0
1389,-1,0.0
1390,-1,0.0
1391,4,1.0
1392,0,1.0
1393,3,0.7894034899609164
1394,-1,0.0
1395,3,0.6226406003079399
1396,-1,0.0
1397,12,0.7768953514329822
1398,-1,0.0
1399,-1,0.0
1400,-1,0.0
1401,0,1.0
1402,0,0.4762365389501228
1403,-1,0.0
1404,-1,0.0
1405,6,0.7797283025216075
1406,-1,0.0
1407,-1,0.0
1408,17,1.0
1409,-1,0.0
1410,-1,0.0
1411,-1,0.0
1412,-1,0.0
1413,15,1.0
1414,20,0.6489893887434024
1415,-1,0.0
1416,1,1.0
1417,1,1.0
1418,1,1.0
1419,0,1.0
1420,15,0.46828806693286085
1421,-1,0.0
1422,16,1.0
1423,0,1.0
1424,4,1.0
1425,-1,0.0
1426,3,0.6524724750547092
1427,0,0.7033695643719164
1428,12,0.8329044167389341
1429,-1,0.0
1430,-1,0.0
1431,-1,0.0
1432,6,0.601483559345247
1433,-1,0.0
1434,-1,0.0
1435,4,1.0
1436,26,1.0
1437,4,1.0
1438,14,1.0
1439,28,1.0
1440,14,1.0
1441,14,1.0
1442,-1,0.0
1443,-1,0.0
1444,-1,0.0
1445,17,1.0
1446,17,1.0
1447,17,0.9124717619831375
1448,17,0.974214521413787
1449,28,0.8836000529279087
1450,15,0.5201385677862341
1451,15,0.859064344803528
1452,2,0.6678059108872144
1453,-1,0.0
1454,4,1.0
1455,5,0.5815024020128851
1456,28,1.0
1457,1,1.0
1458,1,1.0
1459,3,0.8821790802560541
1460,-1,0.0
1461,17,0.7598729844956726
1462,2,1.0
1463,0,0.7501705259193812
1464,6,1.0
1465,5,1.0
1466,-1,0.0
1467,-1,0.0
1468,-1,0.0
1469,-1,0.0
1470,23,1.0
1471,4,1.0
1472,-1,0.0
1473,4,1.0
1474,11,1.0
1475,-1,0.0
1476,4,0.961884336575771
1477,1,1.0
1478,1,1.0
1479,-1,0.0
1480,-1,0.0
1481,7,0.4695387617940833
1482,2,0.9849938002933124
1483,0,1.0
1484,-1,0.0
1485,0,1.0
1486,12,0.9224839390514851
1487,24,1.0
1488,-1,0.0
1489,-1,0.0
1490,0,0.7476661883110767
1491,-1,0.0
1492,-1,0.0
1493,2,0.9354953739935379
1494,-1,0.0
1495,12,1.0
1496,-1,0.0
1497,7,0.2926885691650517
1498,14,1.0
1499,-1,0.0
1500,15,1.0
1501,11,0.6840341958203742
1502,1,1.0
1503,15,1.0
1504,11,0.7771017680751972
1505,-1,0.0
1506,5,1.0
1507,1,0.9212376234384498
1508,1,1.0
1509,-1,0.0
1510,0,0.5182069327990608
1511,-1,0.0
1512,2,1.0
1513,2,0.8633460815647402
1514,0,0.8250087937766742
1515,12,0.8361310217365202
1516,0,0.6011550827336546
1517,2,0.6686331126302657
1518,21,0.5758434219680305
1519,0,0.5283417957031931
1520,29,1.0
1521,0,0.7728832735927786
1522,-1,0.0
1523,6,1.0
1524,29,1.0
1525,1,1.0
1526,24,1.0
1527,5,0.7680169782120146
1528,-1,0.0
1529,0,0.5059606548276514
1530,0,0.5186554158407026
1531,0,0.5027201480903234
1532,-1,0.0
1533,-1,0.0
1534,0,0.7128020227287029
1535,-1,0.0
1536,18,1.0
1537,-1,0.0
1538,1,1.0
1539,1,1.0
1540,18,1.0
1541,1,1.0
1542,-1,0.0
1543,1,1.0
1544,1,1.0
1545,0,0.9676784059447983
1546,-1,0.0
1547,2,0.8461647633070448
1548,13,0.5495028886890477
1549,0,0.9598619848384357
1550,-1,0.0
1551,3,0.8069339095127207
1552,3,0.9360127328999052
1553,6,0.30809784866945356
1554,-1,0.0
1555,-1,0.0
1556,-1,0.0
1557,19,1.0
1558,-1,0.0
1559,-1,0.0
1560,0,0.4629624580707516
1561,11,0.9342616130263114
1562,5,0.6168033236910533
1563,6,0.3338192945385409
1564,7,0.38911649125017406
1565,-1,0.0
1566,5,0.6122874049933225
1567,1,1.0
1568,18,1.0
1569,2,0.8919416567152101
1570,1,0.9388788292685462
1571,1,1.0
1572,26,1.0
1573,8,0.503973985644953
1574,-1,0.0
1575,-1,0.0
1576,-1,0.0
1577,0,0.8743138595258535
1578,3,0.7234949771203641
1579,-1,0.0
1580,2,0.9100299335591208
1581,-1,0.0
1582,4,1.0
1583,-1,0.0
1584,2,0.6551611288194379
1585,24,1.0
1586,8,0.2513972408724497
1587,0,0.47081979802581186
1588,-1,0.0
1589,25,1.0
1590,4,0.9596058244256944
1591,17,1.0
1592,17,1.0
1593,2,1.0
1594,15,0.8975267637577568
1595,7,0.3993073635392945
1596,-1,0.0
1597,-1,0.0
1598,8,0.38654956325992385
1599,-1,0.0
1600,5,0.7149404237642832
1601,-1,0.0
1602,-1,0.0
1603,-1,0.0
1604,1,1.0
1605,8,0.3584801827982035
1606,1,1.0
1607,8,0.5944360658156403
1608,8,0.8089823897842084
1609,9,0.608759615851718
1610,0,0.9470744160524196
1611,13,1.0
1612,21,1.0
1613,0,0.955025772718377
1614,4,0.8992035714487046
1615,8,0.7595385395502258
1616,6,0.9200303793273831
1617,13,1.0
1618,13,1.0
1619,8,0.8402101722446569
1620,-1,0.0
1621,-1,0.0
1622,0,0.5522613888726177
1623,2,0.9384302752956891
1624,15,1.0
1625,15,1.0
1626,24,1.0
1627,20,0.7198983835375162
1628,0,1.0
1629,1,1.0
1630,1,1.0
1631,-1,0.0
1632,24,1.0
1633,8,0.9724607401133593
1634,19,0.4253511976594034
1635,0,0.46441751354798055
1636,0,0.4406647899650511
1637,-1,0.0
1638,-1,0.0
1639,0,1.0
1640,-1,0.0
1641,2,0.6725711796872982
1642,0,1.0
1643,5,0.5884389167769203
1644,3,0.6856314716146092
1645,-1,0.0
1646,-1,0.0
1647,9,0.9193745677191992
1648,18,1.0
1649,17,0.5038740799884632
1650,7,0.2953252260088445
1651,15,1.0
1652,2,0.650308156065211
1653,11,0.799238141242231
1654,11,0.8727907191132231
1655,-1,0.0
1656,-1,0.0
1657,20,1.0
1658,-1,0.0
1659,1,1.0
1660,17,0.98681399038908
1661,4,0.9689484903431986
1662,-1,0.0
1663,9,0.6642406359199279
1664,-1,0.0
1665,-1,0.0
1666,-1,0.0
1667,-1,0.0
1668,2,1.0
1669,0,1.0
1670,4,1.0
1671,-1,0.0
1672,12,1.0
1673,-1,0.0
1674,-1,0.0
1675,0,0.7341186645805011
1676,3,0.7486676912838385
1677,6,1.0
1678,-1,0.0
1679,-1,0.0
1680,13,1.0
1681,-1,0.0
1682,17,0.8893174658430599
1683,0,0.7983840383374469
1684,8,0.3285021019554348
1685,-1,0.0
1686,11,0.7128557287608857
1687,20,0.6672077238385085
1688,-1,0.0
1689,5,0.5726826048042343
1690,-1,0.0
1691,1,1.0
1692,1,1.0
1693,-1,0.0
1694,8,0.887209046819589
1695,8,0.305737333920775
1696,8,0.8601045919357184
1697,2,0.6186581123754071
1698,-1,0.0
1699,0,1.0
1700,6,1.0
1701,5,0.7801408212842978
1702,14,0.9363568854220232
1703,0,1.0
1704,16,1.0
1705,-1,0.0
1706,2,1.0
1707,15,1.0
1708,11,1.0
1709,-1,0.0
1710,20,0.9194122884446012
1711,2,1.0
1712,5,0.7687975743982752
1713,18,0.9910034313761437
1714,0,1.0
1715,0,1.0
1716,1,1.0
1717,10,1.0
1718,10,0.8985640680363981
1719,3,0.6203935214573
1720,10,0.7235169150914548
1721,-1,0.0
1722,-1,0.0
1723,0,1.0
1724,0,0.8797141604610847
1725,-1,0.0
1726,4,1.0
1727,4,0.8951582101861046
1728,5,0.7821439771450147
1729,0,1.0
1730,6,0.4801351570142362
1731,23,0.8694034084358206
1732,4,1.0
1733,6,0.29770784101599307
1734,0,0.4607397033206655
1735,-1,0.0
1736,10,1.0
1737,2,0.6477162850146542
1738,26,1.0
1739,2,1.0
1740,7,0.3920740875616515
1741,15,1.0
1742,-1,0.0
1743,23,0.9456630186022454
1744,5,0.7396815457994977
1745,-1,0.0
1746,-1,0.0
1747,-1,0.0
1748,-1,0.0
1749,-1,0.0
1750,-1,0.0
1751,7,0.33127735797189267
1752,-1,0.0
1753,-1,0.0
1754,4,0.913154615375907
1755,2,1.0
1756,-1,0.0
1757,-1,0.0
1758,-1,0.0
1759,-1,0.0
1760,-1,0.0
1761,-1,0.0
1762,0,1.0
1763,0,0.45473110374803277
1764,0,1.0
1765,6,0.6770770399885846
1766,-1,0.0
1767,-1,0.0
1768,7,0.3609178648468044
1769,1,1.0
1770,15,1.0
1771,11,0.8218488302967303
1772,-1,0.0
1773,20,1.0
1774,5,1.0
1775,2,0.542040960531451
1776,1,1.0
1777,1,1.0
1778,-1,0.0
1779,-1,0.0
1780,0,1.0
1781,2,0.6495885349103763
1782,8,0.3495176946099346
1783,0,0.4495534260245349
1784,-1,0.0
1785,6,0.8159855441413758
1786,-1,0.0
1787,-1,0.0
1788,2,1.0
1789,5,0.8370873957097249
1790,4,1.0
1791,14,0.8593746716524121
1792,-1,0.0
1793,0,0.4676581656839465
1794,0,1.0
1795,-1,0.0
1796,-1,0.0
1797,-1,0.0
1798,-1,0.0
1799,15,1.0
1800,17,1.0
1801,17,1.0
1802,-1,0.0
1803,4,1.0
1804,-1,0.0
1805,-1,0.0
1806,-1,0.0
1807,-1,0.0
1808,1,1.0
1809,1,1.0
1810,8,1.0
1811,8,0.8616083345272231
1812,0,0.5206312726898489
1813,0,0.9320194419581294
1814,-1,0.0
1815,9,1.0
1816,-1,0.0
1817,14,0.9390704941000684
1818,0,0.4683565461189064
1819,-1,0.0
1820,11,0.891650465148106
1821,-1,0.0
1822,20,0.7642029284817967
1823,-1,0.0
1824,5,0.7912379955263334
1825,18,1.0
1826,-1,0.0
1827,-1,0.0
1828,14,0.6605311063872782
1829,-1,0.0
1830,5,0.7801408212842978
1831,4,1.0
1832,14,0.8703772911169164
1833,4,0.9018903869194663
1834,15,1.0
1835,-1,0.0
1836,22,0.8643611540558237
1837,1,1.0
1838,3,0.9384177033281264
1839,8,0.7656272535905024
1840,-1,0.0
1841,3,0.9111206381450685
1842,-1,0.0
1843,-1,0.0
1844,3,0.8347985872107094
1845,0,1.0
1846,3,0.6176705018106073
1847,-1,0.0
1848,2,0.9100299335591208
1849,12,0.8993299383098431
1850,4,1.0
1851,6,0.8656995135602745
1852,-1,0.0
1853,17,0.887267442505501
1854,0,0.45794239637811185
1855,29,1.0
1856,2,1.0
1857,15,0.9874746857475267
1858,8,0.7635523157531262
1859,-1,0.0
1860,20,0.7391611322170163
1861,2,0.6882862974569005
1862,5,0.8244561565696245
1863,8,0.6228512313388183
1864,1,1.0
1865,1,1.0
1866,1,1.0
1867,18,0.8424388473856607
1868,8,0.8944458526720032
1869,-1,0.0
1870,-1,0.0
1871,-1,0.0
1872,0,1.0
1873,-1,0.0
1874,4,1.0
1875,8,1.0
1876,2,0.9100299335591208
1877,0,1.0
1878,0,0.9658109038389986
1879,6,1.0
1880,-1,0.0
1881,3,0.7247842421214458
1882,0,0.5870723532981493
1883,14,1.0
1884,-1,0.0
1885,-1,0.0
1886,7,0.39325715114397225
1887,2,1.0
1888,15,0.9391977368526468
1889,8,0.5512002979077496
1890,27,0.9688600600902016
1891,-1,0.0
1892,5,0.5851751822347078
1893,18,1.0
1894,2,0.6434433525282226
1895,0,1.0
1896,0,1.0
1897,1,0.948206393717319
1898,0,1.0
1899,27,1.0
1900,1,1.0
1901,0,0.3164273470138284
1902,1,1.0
1903,3,0.6575528504775602
1904,2,1.0
1905,-1,0.0
1906,2,0.8561381880496669
1907,4,1.0
1908,-1,0.0
1909,-1,0.0
1910,-1,0.0
1911,18,1.0
1912,3,0.8630039846781294
1913,20,1.0
1914,0,0.9584323481546358
1915,0,0.3097500839176691
1916,2,0.5478068493971339
1917,-1,0.0
1918,15,0.5988554560041074
1919,-1,0.0
1920,-1,0.0
1921,0,0.503313712775555
1922,0,0.5441062283246674
1923,0,1.0
1924,0,1.0
1925,29,1.0
1926,15,0.9691858286476576
1927,2,0.8597797066271741
1928,0,0.3129335171027037
1929,-1,0.0
1930,15,0.6736354598464281
1931,0,0.3098083144105399
1932,20,1.0
1933,1,1.0
1934,-1,0.0
1935,-1,0.0
1936,-1,0.0
1937,2,0.8512850894314926
1938,1,1.0
1939,0,0.4983704791631537
1940,0,0.49667310027954925
1941,27,1.0
1942,-1,0.0
1943,10,0.7004781588312063
1944,24,1.0
1945,25,1.0
1946,14,0.7419391489014718
1947,17,0.8778494170987612
1948,14,1.0
1949,0,0.5451338296693659
1950,7,0.3966004129238262
1951,18,0.9920832616129686
1952,-1,0.0
1953,1,1.0
1954,2,0.6477502137126109
1955,-1,0.0
1956,20,0.9694175842421477
1957,5,0.7704711823715181
1958,-1,0.0
1959,-1,0.0
1960,18,1.0
1961,12,0.8117810408411069
1962,3,0.6304303309060294
1963,1,1.0
1964,-1,0.0
1965,27,1.0
1966,13,0.47228077317595574
1967,0,1.0
1968,13,0.8983316034314486
1969,13,0.5495028886890477
1970,0,0.6387301395806619
1971,6,0.9643441531738711
1972,20,0.6303490467272344
1973,-1,0.0
1974,16,0.8869494171625855
1975,2,0.6396235013369831
1976,13,0.7768901429542674
1977,17,0.4914881831319458
1978,-1,0.0
1979,6,0.8067954175603992
1980,-1,0.0
1981,16,0.9525289008465331
1982,2,0.7820265567643916
1983,1,1.0
1984,9,0.9622471460475684
1985,-1,0.0
1986,9,0.8715554181016522
1987,-1,0.0
1988,0,1.0
1989,12,1.0
1990,3,0.636396115753966
1991,-1,0.0
1992,15,0.4419157864542996
1993,0,0.6671187914407067
1994,24,1.0
1995,6,0.5882657840446447
1996,9,1.0
1997,28,1.0
1998,-1,0.0
1999,0,0.5098734273054857
2000,-1,0.0
2001,7,0.3849831822180321
2002,15,1.0
2003,11,0.8482271107835877
2004,24,1.0
2005,-1,0.0
2006,-1,0.0
2007,5,0.7373591949387548
2008,18,0.8840646179203138
2009,19,0.46686753799360314
2010,1,1.0
2011,4,0.8834516966940082
2012,9,0.9027039343573323
2013,9,0.848647548841469
2014,9,0.9619582525819085
2015,9,0.9177129508710224
2016,-1,0.0
2017,3,1.0
2018,-1,0.0
2019,3,0.614909565424765
2020,-1,0.0
2021,-1,0.0
2022,9,1.0
2023,17,0.7004813965679887
2024,-1,0.0
2025,9,0.7594730267744524
2026,-1,0.0
2027,-1,0.0
2028,0,0.547692316215317
2029,9,0.8505985916557729
2030,7,0.341228070901982
2031,2,1.0
2032,15,1.0
2033,11,0.8921170713720032
2034,24,1.0
2035,11,0.8731345802017754
2036,-1,0.0
2037,24,0.9994712990603436
2038,-1,0.0
2039,-1,0.0
2040,-1,0.0
2041,1,1.0
2042,-1,0.0
2043,-1,0.0
2044,9,0.5860349109907765
2045,0,0.9059074377041676
2046,-1,0.0
2047,-1,0.0
2048,0,0.37047863356044813
2049,13,0.5495028886890477
2050,0,1.0
2051,-1,0.0
2052,10,0.7139222279391229
2053,-1,0.0
2054,-1,0.0
2055,-1,0.0
2056,0,0.49514084053146473
2057,0,0.49623661332295294
2058,6,0.7347888931458093
2059,10,0.9881549427541014
2060,-1,0.0
2061,7,0.3417116833632522
2062,7,0.416424115729734
2063,28,0.824858604823441
2064,10,1.0
2065,-1,0.0
2066,7,0.31620128888274707
2067,-1,0.0
2068,20,1.0
2069,-1,0.0
2070,0,0.5003831995634642
2071,10,0.9171119234967726
2072,-1,0.0
2073,-1,0.0
2074,9,0.6183659343807169
2075,9,0.5871082201425026
2076,0,1.0
2077,5,0.5768348232249391
2078,5,0.5998977767962048
2079,5,0.5587681237430657
2080,13,0.5495028886890477
2081,0,1.0
2082,2,1.0
2083,-1,0.0
2084,-1,0.0
2085,-1,0.0
2086,12,1.0
2087,2,0.5239338986021563
2088,3,0.7778052007488737
2089,9,0.6686612092360409
2090,-1,0.0
2091,-1,0.0
2092,4,1.0
2093,15,0.5965053905757919
2094,0,0.49466603110737295
2095,7,0.3838991983822064
2096,-1,0.0
2097,15,0.519148536239187
2098,-1,0.0
2099,14,0.6848891055692641
2100,-1,0.0
2101,1,1.0
2102,-1,0.0
2103,1,1.0
2104,11,1.0
2105,6,0.22491177961132497
2106,-1,0.0
2107,-1,0.0
2108,9,1.0
2109,0,0.5007938433779605
2110,9,0.9218835420274241
2111,9,0.8834034597755227
2112,9,1.0
2113,1,1.0
2114,-1,0.0
2115,2,1.0
2116,4,0.9858864682301065
2117,4,1.0
2118,4,1.0
2119,4,0.9855964822364709
2120,-1,0.0
2121,-1,0.0
2122,3,0.8044212922418508
2123,0,1.0
2124,12,0.7980503916668976
2125,-1,0.0
2126,6,0.6784233161479444
2127,-1,0.0
2128,1,1.0
2129,0,0.5489896351726061
2130,0,0.5101970700487839
2131,3,0.8365048071045179
2132,15,0.9855517975480356
2133,11,0.7717503174377418
2134,24,1.0
2135,-1,0.0
2136,-1,0.0
2137,-1,0.0
2138,1,1.0
2139,-1,0.0
2140,28,1.0
2141,4,1.0
2142,2,1.0
2143,2,1.0
2144,26,1.0
2145,4,1.0
2146,14,0.8511324279074705
2147,2,1.0
2148,4,0.9137461782081086
2149,-1,0.0
2150,-1,0.0
2151,2,1.0
2152,-1,0.0
2153,-1,0.0
2154,15,0.8808491809385675
2155,4,1.0
2156,6,0.5628580186033776
2157,15,1.0
2158,0,0.5195514575138415
2159,15,0.9353249269547854
2160,1,1.0
2161,12,0.7651460702577478
2162,1,1.0
2163,16,0.789142997762658
2164,28,1.0
2165,-1,0.0
2166,-1,0.0
2167,28,1.0
2168,4,0.925228664701533
2169,23,0.9460394446353851
2170,20,1.0
2171,20,1.0
2172,-1,0.0
2173,5,0.8109566934569672
2174,14,1.0
2175,2,1.0
2176,-1,0.0
2177,-1,0.0
2178,-1,0.0
2179,-1,0.0
2180,6,0.7212577782385851
2181,-1,0.0
2182,18,1.0
2183,18,1.0
2184,5,0.7143169029367136
2185,2,0.6614292218747289
2186,-1,0.0
2187,5,0.6403153112290353
2188,10,0.7443271097560111
2189,28,1.0
2190,1,1.0
2191,-1,0.0
2192,4,0.9624455618761695
2193,4,0.995790396833255
2194,-1,0.0
2195,-1,0.0
2196,-1,0.0
2197,5,1.0
2198,-1,0.0
2199,2,0.8322797806643747
2200,2,0.9100299335591208
2201,2,0.9100299335591208
2202,-1,0.0
2203,2,0.6725711796872982
2204,0,1.0
2205,-1,0.0
2206,4,1.0
2207,-1,0.0
2208,-1,0.0
2209,20,0.9393783622286129
2210,8,0.4065000673140247
2211,6,0.5197297545764624
2212,2,0.5603239703855752
2213,-1,0.0
2214,-1,0.0
2215,-1,0.0
2216,-1,0.0
2217,-1,0.0
2218,-1,0.0
2219,2,0.9100299335591208
2220,1,1.0
2221,1,1.0
2222,-1,0.0
2223,19,1.0
2224,0,1.0
2225,0,1.0
2226,-1,0.0
2227,2,1.0
2228,-1,0.0
2229,3,0.6851081460986251
2230,0,0.8381408985208604
2231,0,0.7775672741936649
2232,-1,0.0
2233,12,1.0
2234,-1,0.0
2235,9,0.638269378879222
2236,19,1.0
2237,0,0.5037475735096129
2238,3,0.7625042348384654
2239,29,1.0
2240,3,0.7473413044177851
2241,15,1.0
2242,-1,0.0
2243,-1,0.0
2244,-1,0.0
2245,2,0.6378987595568102
2246,20,1.0
2247,18,0.7724351605739088
2248,3,0.7281341502903929
2249,0,1.0
2250,1,0.9679666680352459
2251,1,1.0
2252,-1,0.0
2253,18,1.0
2254,3,0.6626694320416808
2255,11,0.9604562086369618
2256,3,0.7185551059004505
2257,26,0.9828993675524134
2258,-1,0.0
2259,0,0.3333689873670751
2260,15,0.48334486289213774
2261,-1,0.0
2262,21,1.0
2263,-1,0.0
2264,18,0.8062644342812119
2265,7,0.3802811233225323
2266,0,0.6493640455127446
2267,20,0.9331260295187777
2268,20,0.9811945171441813
2269,21,1.0
2270,-1,0.0
2271,-1,0.0
2272,-1,0.0
2273,1,1.0
2274,1,1.0
2275,7,0.353698651581306
2276,1,1.0
2277,0,0.45937499836106216
2278,9,0.722742706330745
2279,-1,0.0
2280,-1,0.0
2281,-1,0.0
2282,0,1.0
2283,-1,0.0
2284,2,0.6664994792131042
2285,-1,0.0
2286,6,1.0
2287,-1,0.0
2288,9,0.955649643631035
2289,4,1.0
2290,-1,0.0
2291,12,0.7888758324309101
2292,-1,0.0
2293,7,0.446193147563917
2294,23,1.0
2295,-1,0.0
2296,-1,0.0
2297,2,1.0
2298,-1,0.0
2299,-1,0.0
2300,22,0.8274645042446348
2301,4,0.9708157862877795
2302,13,1.0
2303,15,0.49656496370306585
2304,15,0.5246520880080526
2305,15,0.4826629698788448
2306,16,0.7591956374223116
2307,16,0.8033641272185693
2308,-1,0.0
2309,-1,0.0
2310,-1,0.0
2311,0,1.0
2312,0,1.0
2313,2,1.0
2314,6,0.3445204474546578
2315,13,1.0
2316,25,1.0
2317,9,0.8116374383877855
2318,-1,0.0
2319,-1,0.0
2320,-1,0.0
2321,15,0.503901390824831
2322,4,1.0
2323,4,1.0
2324,19,0.4668542146485902
2325,0,0.3389097702886904
2326,23,0.9809733674855668
2327,4,1.0
2328,2,0.9774782510863755
2329,-1,0.0
2330,-1,0.0
2331,8,0.6797478294431811
2332,2,0.6346608100512383
2333,4,1.0
2334,8,0.46201097662699286
2335,5,0.5727493486150975
2336,15,0.4906858877866546
2337,2,1.0
2338,23,1.0
2339,5,0.5768489179701788
2340,19,0.4513243356403177
2341,19,0.44760143572902206
2342,19,0.464065103629439
2343,19,0.44490953188809496
2344,19,0.4556794193643049
2345,-1,0.0
2346,-1,0.0
2347,0,1.0
2348,-1,0.0
2349,-1,0.0
2350,4,1.0
2351,16,0.8260400912330015
2352,26,1.0
2353,6,0.9020712495467856
2354,-1,0.0
2355,19,0.46774659860116474
2356,19,0.3502697366312523
2357,-1,0.0
2358,15,0.5516587272032174
2359,-1,0.0
2360,7,0.4629827553399246
2361,-1,0.0
2362,16,0.7864823737847124
2363,23,0.8222633301629954
2364,13,0.5495028886890477
2365,-1,0.0
2366,5,1.0
2367,10,0.9424054154808231
2368,-1,0.0
2369,1,1.0
2370,-1,0.0
2371,4,0.9180904081620853
2372,-1,0.0
2373,16,0.8751227992306007
2374,1,1.0
2375,1,1.0
2376,4,0.9131003704494323
2377,-1,0.0
2378,25,1.0
2379,-1,0.0
2380,3,0.7523001617892281
2381,-1,0.0
2382,-1,0.0
2383,3,0.7894034899609164
2384,0,1.0
2385,-1,0.0
2386,-1,0.0
2387,-1,0.0
2388,0,0.5029317638933077
2389,6,1.0
2390,-1,0.0
2391,-1,0.0
2392,-1,0.0
2393,5,0.5814414238738168
2394,-1,0.0
2395,-1,0.0
2396,-1,0.0
2397,18,0.7705334689838292
2398,-1,0.0
2399,2,0.6597508335417228
2400,-1,0.0
2401,5,0.7655053626770337
2402,0,0.9124581568816147
2403,19,0.9751572668704458
2404,-1,0.0
2405,8,0.44649873554671105
2406,-1,0.0
2407,8,0.2441925370535871
2408,8,0.3610626202014013
2409,-1,0.0
2410,20,1.0
2411,-1,0.0
2412,12,0.7780585421270241
2413,-1,0.0
2414,-1,0.0
2415,-1,0.0
2416,0,1.0
2417,-1,0.0
2418,3,1.0
2419,6,0.3682230750660085
2420,-1,0.0
2421,16,0.9330875929342937
2422,9,1.0
2423,14,0.9938439925358752
2424,17,0.6926026096540822
2425,0,0.3424551196716365
2426,-1,0.0
2427,24,0.9981617195334982
2428,-1,0.0
2429,23,0.9169483152880686
2430,-1,0.0
2431,-1,0.0
2432,23,0.9264443079375247
2433,5,0.5704224698306235
2434,-1,0.0
2435,5,0.5768253568398293
2436,-1,0.0
2437,13,0.5495028886890477
2438,10,0.711789519808625
2439,-1,0.0
2440,0,0.33198778394073625
2441,10,1.0
2442,14,1.0
2443,1,1.0
2444,10,1.0
2445,-1,0.0
2446,-1,0.0
2447,4,1.0
2448,-1,0.0
2449,-1,0.0
2450,10,1.0
2451,0,1.0
2452,-1,0.0
2453,11,0.714333805476305
2454,25,1.0
2455,0,0.32822514362691774
2456,23,1.0
2457,5,0.6162949312792271
2458,-1,0.0
2459,4,1.0
2460,-1,0.0
2461,14,0.9756054494588607
2462,14,0.8362006693644286
2463,14,0.8546160113489641
2464,14,0.8950272338425513
2465,-1,0.0
2466,14,0.8283547883920808
2467,-1,0.0
2468,-1,0.0
2469,3,0.7093109426758699
2470,-1,0.0
2471,-1,0.0
2472,14,0.8991847155946409
2473,4,1.0
2474,8,0.3312237849654701
2475,4,1.0
2476,4,1.0
2477,-1,0.0
2478,16,0.9217163838874587
2479,-1,0.0
2480,-1,0.0
2481,5,0.6549559292162191
2482,-1,0.0
2483,-1,0.0
2484,0,0.9263723673917369
2485,-1,0.0
2486,-1,0.0
2487,6,1.0
2488,-1,0.0
2489,-1,0.0
2490,-1,0.0
2491,28,1.0
2492,-1,0.0
2493,15,0.8402043322702932
2494,2,1.0
2495,-1,0.0
2496,4,1.0
2497,-1,0.0
2498,1,1.0
2499,1,1.0
2500,0,0.33958759790442333
2501,4,0.9080809642372949
2502,28,1.0
2503,2,1.0
2504,-1,0.0
2505,-1,0.0
2506,28,1.0
2507,28,1.0
2508,-1,0.0
2509,4,1.0
2510,28,1.0
2511,4,1.0
2512,4,1.0
2513,-1,0.0
2514,-1,0.0
2515,3,0.7695795091526458
2516,16,1.0
2517,14,0.674770989425309
2518,14,1.0
2519,-1,0.0
2520,-1,0.0
2521,15,0.7766176288926895
2522,17,1.0
2523,17,1.0
2524,6,0.8325995713094883
2525,1,1.0
2526,28,1.0
2527,28,1.0
2528,28,1.0
2529,-1,0.0
2530,23,1.0
2531,-1,0.0
2532,-1,0.0
2533,-1,0.0
2534,14,1.0
2535,14,1.0
2536,-1,0.0
2537,5,0.6719384563116555
2538,-1,0.0
2539,4,1.0
2540,-1,0.0
2541,6,0.7999191778263683
2542,-1,0.0
2543,-1,0.0
2544,-1,0.0
2545,0,0.33070247565831923
2546,23,1.0
2547,-1,0.0
2548,2,1.0
2549,-1,0.0
2550,-1,0.0
2551,1,1.0
2552,1,1.0
2553,1,1.0
2554,-1,0.0
2555,5,0.6661853048110041
2556,-1,0.0
2557,-1,0.0
2558,2,0.6725711796872982
2559,3,0.9292909584603025
2560,0,0.8601498678862771
2561,5,0.6719384563116555
2562,21,1.0
2563,6,0.535260933800284
2564,-1,0.0
2565,-1,0.0
2566,8,0.22273611223818884
2567,14,1.0
2568,-1,0.0
2569,-1,0.0
2570,3,0.7461884678497187
2571,0,0.33625391703053503
2572,3,0.6957630532382683
2573,7,0.3702581967246333
2574,12,1.0
2575,-1,0.0
2576,2,1.0
2577,-1,0.0
2578,5,0.5686174652941924
2579,-1,0.0
2580,1,1.0
2581,1,1.0
2582,22,0.9073136420372871
2583,3,0.9840893216604152
2584,-1,0.0
2585,-1,0.0
2586,-1,0.0
2587,-1,0.0
2588,-1,0.0
2589,6,0.8281744408367014
2590,7,0.41954903723055376
2591,25,1.0
2592,-1,0.0
2593,-1,0.0
2594,28,1.0
2595,7,1.0
2596,0,1.0
2597,-1,0.0
2598,0,0.3488808735552
2599,0,0.35745496079448197
2600,3,0.9890655678491734
2601,7,0.43126610779066854
2602,7,0.33677482036843187
2603,2,1.0
2604,2,0.9450490332640741
2605,-1,0.0
2606,-1,0.0
2607,1,1.0
2608,1,1.0
2609,2,0.87011210345372
2610,-1,0.0
2611,-1,0.0
2612,-1,0.0
2613,-1,0.0
2614,-1,0.0
2615,-1,0.0
2616,-1,0.0
2617,-1,0.0
2618,-1,0.0
2619,9,0.702288202308444
2620,26,1.0
2621,0,0.7981093800927356
2622,-1,0.0
2623,-1,0.0
2624,-1,0.0
2625,6,0.8967373488259993
2626,-1,0.0
2627,20,1.0
2628,-1,0.0
2629,12,1.0
2630,3,1.0
2631,2,1.0
2632,12,0.8017083354989077
2633,-1,0.0
2634,-1,0.0
2635,4,1.0
2636,1,1.0
2637,-1,0.0
2638,-1,0.0
2639,12,0.7923051294840663
2640,17,0.8241981048077696
2641,-1,0.0
2642,5,0.7719703282288034
2643,5,0.7853339986204533
2644,4,1.0
2645,0,0.35413504759459336
2646,-1,0.0
2647,6,0.5085992849082396
2648,22,1.0
2649,5,0.7625726561559087
2650,-1,0.0
2651,0,0.9193631475642987
2652,25,1.0
2653,15,1.0
2654,-1,0.0
2655,-1,0.0
2656,-1,0.0
2657,2,0.6599136946327324
2658,11,0.6523526084980784
2659,-1,0.0
2660,-1,0.0
2661,9,0.9251635051524436
2662,17,0.6312556914923693
2663,10,0.7925139993021979
2664,12,0.7784405122971226
2665,17,0.9484192941068209
2666,17,0.9111069592099169
2667,5,0.756545849400675
2668,-1,0.0
2669,-1,0.0
2670,0,1.0
2671,0,0.7989815404250852
2672,1,0.9792053198895476
2673,0,0.9212586069296013
2674,1,1.0
2675,11,0.6523526084980784
2676,-1,0.0
2677,9,0.9277803758575249
2678,-1,0.0
2679,9,1.0
2680,-1,0.0
2681,-1,0.0
2682,0,0.9317792466597626
2683,13,1.0
2684,2,1.0
2685,1,1.0
2686,-1,0.0
2687,2,0.9245611753220669
2688,15,1.0
2689,-1,0.0
2690,2,0.9100299335591208
2691,19,1.0
2692,19,1.0
2693,9,0.798369602124287
2694,9,0.9945716733089971
2695,-1,0.0
2696,9,1.0
2697,-1,0.0
2698,-1,0.0
2699,-1,0.0
2700,-1,0.0
2701,8,0.5192950539477859
2702,2,0.6422371982784169
2703,3,0.6229953197017052
2704,-1,0.0
2705,0,1.0
2706,-1,0.0
2707,8,0.5444408439553451
2708,-1,0.0
2709,-1,0.0
2710,-1,0.0
2711,23,0.9208716827801252
2712,0,0.32901932214335056
2713,7,0.4618427493541376
2714,-1,0.0
2715,-1,0.0
2716,27,1.0
2717,-1,0.0
2718,0,0.34741322388170554
2719,5,0.6224704381989005
2720,-1,0.0
2721,-1,0.0
2722,12,1.0
2723,-1,0.0
2724,-1,0.0
2725,-1,0.0
2726,2,0.6725711796872982
2727,25,0.3266447306792835
2728,4,1.0
2729,-1,0.0
2730,-1,0.0
2731,-1,0.0
2732,-1,0.0
2733,23,1.0
2734,-1,0.0
2735,1,1.0
2736,-1,0.0
2737,-1,0.0
2738,-1,0.0
2739,4,1.0
2740,-1,0.0
2741,10,0.7968441156576243
2742,3,0.7253312887843062
2743,10,0.7168812621825045
2744,-1,0.0
2745,-1,0.0
2746,-1,0.0
2747,0,0.8614871144978491
2748,-1,0.0
2749,-1,0.0
2750,0,0.7808973191799767
2751,-1,0.0
2752,2,1.0
2753,6,0.5188573262394619
2754,-1,0.0
2755,-1,0.0
2756,14,0.7155669047780719
2757,-1,0.0
2758,16,0.7601533749288963
2759,17,0.5764419868821807
2760,0,0.3276321010235069
2761,14,0.6325665221361284
2762,0,1.0
2763,2,0.6311710115310781
2764,-1,0.0
2765,23,1.0
2766,-1,0.0
2767,2,1.0
2768,-1,0.0
2769,5,0.8295450214613287
2770,-1,0.0
2771,-1,0.0
2772,-1,0.0
2773,-1,0.0
2774,0,0.8188580614515528
2775,8,0.5047757339927523
2776,-1,0.0
2777,-1,0.0
2778,-1,0.0
2779,-1,0.0
2780,8,0.8519733246157766
2781,10,1.0
2782,-1,0.0
2783,19,0.8545847611438447
2784,0,0.791101141892145
2785,3,0.6083782357603635
2786,20,1.0
2787,0,0.9606256323173765
2788,-1,0.0
2789,-1,0.0
2790,2,0.7605967710522754
2791,0,0.7482232744770525
2792,0,0.6930314624609981
2793,26,1.0
2794,15,1.0
2795,-1,0.0
2796,7,0.4695387617940833
2797,9,0.7513774540955999
2798,-1,0.0
2799,-1,0.0
2800,-1,0.0
2801,-1,0.0
2802,-1,0.0
2803,20,1.0
2804,-1,0.0
2805,18,0.8033544534388779
2806,-1,0.0
2807,-1,0.0
2808,5,1.0
2809,-1,0.0
2810,-1,0.0
2811,2,0.6705792805791788
2812,2,0.7039014682440657
2813,6,0.7017263464878083
2814,-1,0.0
2815,-1,0.0
2816,-1,0.0
2817,-1,0.0
2818,1,0.5378923328803046
2819,8,0.2768292748141031
2820,-1,0.0
2821,15,1.0
2822,9,0.9023177825330536
2823,1,1.0
2824,23,1.0
2825,23,1.0
2826,-1,0.0
2827,1,1.0
2828,9,0.6127749545019843
2829,-1,0.0
2830,-1,0.0
2831,5,0.609205573407495
2832,-1,0.0
2833,1,1.0
2834,-1,0.0
2835,-1,0.0
2836,-1,0.0
2837,4,1.0
2838,0,1.0
2839,29,1.0
2840,29,1.0
2841,-1,0.0
2842,4,0.923943455428636
2843,-1,0.0
2844,-1,0.0
2845,-1,0.0
2846,4,0.8898460684790661
2847,-1,0.0
2848,4,1.0
2849,4,0.9891944007757636
2850,0,1.0
2851,4,1.0
2852,4,1.0
2853,9,0.9164003480184655
2854,-1,0.0
2855,9,0.8014033647358302
2856,9,0.6561958680853798
2857,-1,0.0
2858,-1,0.0
2859,-1,0.0
2860,-1,0.0
2861,10,0.9239570933960147
2862,9,0.7711614641984824
2863,5,0.761614625050917
2864,9,0.9217572787085636
2865,3,0.8472761619507728
2866,14,1.0
2867,7,0.44291315127906156
2868,4,1.0
2869,15,0.7286437381924791
2870,6,0.9233089779868123
2871,5,0.8445503882105564
2872,-1,0.0
2873,2,1.0
2874,-1,0.0
2875,2,0.6085038084405232
2876,2,0.9922844320604729
2877,14,0.9332213948452779
2878,14,0.6475969537347644
2879,-1,0.0
2880,-1,0.0
2881,-1,0.0
2882,1,1.0
2883,-1,0.0
2884,-1,0.0
2885,-1,0.0
2886,16,0.8116594275773239
2887,-1,0.0
2888,5,1.0
2889,-1,0.0
2890,5,0.6025945873137674
2891,-1,0.0
2892,0,0.8551854995404298
2893,16,0.7479742431493845
2894,2,0.6080468682989711
2895,19,1.0
2896,-1,0.0
2897,-1,0.0
2898,19,1.0
2899,2,0.7970146418136463
2900,-1,0.0
2901,19,1.0
2902,-1,0.0
2903,14,1.0
2904,29,1.0
2905,-1,0.0
2906,16,0.756915537814112
2907,1,1.0
2908,-1,0.0
2909,4,1.0
2910,-1,0.0
2911,-1,0.0
2912,0,1.0
2913,12,0.8993299383098431
2914,23,1.0
2915,2,1.0
2916,12,0.9674397995172026
2917,7,0.44190381969337494
2918,23,1.0
2919,2,0.6369464973362903
2920,-1,0.0
2921,9,0.6046020633790923
2922,9,0.605009423966143
2923,-1,0.0
2924,6,0.27761344128599275
2925,-1,0.0
2926,14,1.0
2927,14,1.0
2928,3,0.8098751426073574
2929,2,1.0
2930,2,1.0
2931,1,1.0
2932,0,1.0
2933,2,1.0
2934,2,0.6725711796872982
2935,-1,0.0
2936,-1,0.0
2937,-1,0.0
2938,-1,0.0
2939,-1,0.0
2940,-1,0.0
2941,-1,0.0
2942,-1,0.0
2943,5,0.9698448562762495
2944,0,1.0
2945,6,0.20939352069911188
2946,2,0.9981303578357661
2947,6,1.0
2948,5,0.8900057525386279
2949,-1,0.0
2950,17,0.6030407475139331
2951,-1,0.0
2952,14,0.9377273901684892
2953,0,1.0
2954,-1,0.0
2955,-1,0.0
2956,7,0.3210330789008645
2957,17,0.3899304877466293
2958,23,1.0
2959,-1,0.0
2960,2,0.6725711796872982
2961,-1,0.0
2962,14,1.0
2963,-1,0.0
2964,-1,0.0
2965,1,0.8249452908494916
2966,-1,0.0
2967,5,0.7675893098943513
2968,-1,0.0
2969,-1,0.0
2970,-1,0.0
2971,21,1.0
2972,3,0.6321092229233578
2973,-1,0.0
2974,6,0.3297642867413899
2975,11,0.8875026918212748
2976,-1,0.0
2977,-1,0.0
2978,-1,0.0
2979,2,1.0
2980,5,0.5695450142797513
2981,-1,0.0
2982,0,1.0
2983,5,0.7556104741243576
2984,0,1.0
2985,3,0.9522982649785308
2986,-1,0.0
2987,-1,0.0
2988,-1,0.0
2989,-1,0.0
2990,1,1.0
2991,26,1.0
2992,19,0.8942000134012034
2993,-1,0.0
2994,-1,0.0
2995,2,0.9100299335591208
2996,0,1.0
2997,11,0.6523526084980784
2998,3,1.0
2999,5,1.0
3000,0,1.0
3001,-1,0.0
3002,2,0.9100299335591208
3003,2,0.9100299335591208
3004,2,0.9100299335591208
3005,2,0.6725711796872982
3006,2,0.6564682273271452
3007,2,0.6725711796872982
3008,8,0.9230283697557994
3009,11,0.8953369862921633
3010,11,1.0
3011,-1,0.0
3012,24,1.0
3013,11,0.7779006528943692
3014,-1,0.0
3015,18,0.8709493984393656
3016,-1,0.0
3017,1,1.0
3018,0,0.9242201660797507
3019,18,1.0
3020,-1,0.0
3021,27,1.0
3022,8,1.0
3023,4,1.0
3024,15,0.4611851150681964
3025,21,1.0
3026,-1,0.0
3027,21,1.0
3028,13,1.0
3029,27,1.0
3030,-1,0.0
3031,-1,0.0
3032,-1,0.0
3033,-1,0.0
3034,8,0.6847773828259741
3035,-1,0.0
3036,-1,0.0
3037,-1,0.0
3038,0,1.0
3039,16,0.7145701183742994
3040,5,0.5737949387848256
3041,21,0.24126859500260078
3042,0,0.8629180346891955
3043,0,1.0
3044,5,0.7661818689497432
3045,-1,0.0
3046,6,0.32605057513322244
3047,19,0.954266022229749
3048,14,0.7995291674428648
3049,22,1.0
3050,2,0.9100299335591208
3051,2,0.9100299335591208
3052,19,0.7068831789545195
3053,7,0.4695387617940833
3054,-1,0.0
3055,24,1.0
3056,2,0.6725711796872982
3057,-1,0.0
3058,19,0.9149571650312712
3059,9,0.893129867068247
3060,-1,0.0
3061,-1,0.0
3062,-1,0.0
3063,19,0.8530474560454229
3064,1,1.0
3065,0,0.8938532289930662
3066,25,0.2957073964641033
3067,2,0.9100299335591208
3068,19,0.6282510758980068
3069,6,0.32224806766863656
3070,-1,0.0
3071,-1,0.0
3072,-1,0.0
3073,-1,0.0
3074,-1,0.0
3075,3,1.0
3076,3,1.0
3077,-1,0.0
3078,0,1.0
3079,-1,0.0
3080,6,0.3237722993837375
3081,-1,0.0
3082,14,0.6608098655472855
3083,17,0.6000578440564931
3084,19,0.3539955349037993
3085,7,0.46544765171924046
3086,-1,0.0
3087,2,0.6725711796872982
3088,7,0.34341336775798936
3089,-1,0.0
3090,2,0.787335671676549
3091,-1,0.0
3092,19,0.9489975485790486
3093,9,0.9272557472964894
3094,1,1.0
3095,3,0.7922187615713945
3096,3,0.8311216241313353
3097,-1,0.0
3098,-1,0.0
3099,8,0.8232629847391347
3100,0,1.0
3101,8,0.9255304437746432
3102,-1,0.0
3103,-1,0.0
3104,-1,0.0
3105,-1,0.0
3106,4,1.0
3107,0,0.6652511595719065
3108,16,1.0
3109,15,0.8623031869327561
3110,9,1.0
3111,19,0.8192462167001906
3112,19,0.8034020989266911
3113,20,1.0
3114,25,1.0
3115,25,1.0
3116,-1,0.0
3117,0,1.0
3118,-1,0.0
3119,-1,0.0
3120,29,1.0
3121,11,0.6523526084980784
3122,24,1.0
3123,-1,0.0
3124,-1,0.0
3125,-1,0.0
3126,19,1.0
3127,-1,0.0
3128,1,1.0
3129,4,1.0
3130,-1,0.0
3131,7,0.34564389816199714
3132,-1,0.0
3133,4,1.0
3134,1,0.5816846175021129
3135,19,0.7534491216396473
3136,-1,0.0
3137,1,1.0
3138,4,1.0
3139,3,0.932639919070222
3140,-1,0.0
3141,10,0.8827794775490243
3142,0,1.0
3143,11,1.0
3144,-1,0.0
3145,10,1.0
3146,-1,0.0
3147,10,1.0
3148,6,0.33227273231868987
3149,4,1.0
3150,14,0.6362852478786839
3151,14,0.9209485518378947
3152,-1,0.0
3153,21,0.9797683102523976
3154,2,1.0
3155,-1,0.0
3156,19,0.8151396914373423
3157,2,0.6725711796872982
3158,1,1.0
3159,17,0.6870449628434369
3160,8,0.3207830112120365
3161,1,1.0
3162,-1,0.0
3163,-1,0.0
3164,7,0.4695387617940833
3165,7,0.34512373984885464
3166,-1,0.0
3167,7,0.4695387617940833
3168,7,0.4695387617940833
3169,7,0.4695387617940833
3170,-1,0.0
3171,8,1.0
3172,0,1.0
3173,-1,0.0
3174,9,0.8735517335639037
3175,-1,0.0
3176,-1,0.0
3177,2,0.8277545253438121
3178,6,0.3172806269723226
3179,-1,0.0
3180,14,0.9364772292589337
3181,14,1.0
3182,14,1.0
3183,17,0.5357802494320976
3184,2,0.8629358764523396
3185,5,0.7958327324744296
3186,21,1.0
3187,7,0.36470335716216074
3188,-1,0.0
3189,-1,0.0
3190,17,0.3890263952123674
3191,8,0.3270354706968129
3192,-1,0.0
3193,1,1.0
3194,2,1.0
3195,8,1.0
3196,26,0.9757655374804893
3197,-1,0.0
3198,-1,0.0
3199,-1,0.0
3200,3,0.7721112913156801
3201,-1,0.0
3202,0,0.37192854088874
3203,13,0.445032132165372
3204,0,1.0
3205,-1,0.0
3206,-1,0.0
3207,-1,0.0
3208,3,0.8506268460039534
3209,11,0.6523526084980784
3210,24,1.0
3211,2,0.9100299335591208
3212,-1,0.0
3213,11,0.6523526084980784
3214,3,0.8888227813281908
3215,1,1.0
3216,0,1.0
3217,13,0.6381490548296659
3218,8,1.0
3219,-1,0.0
3220,8,0.29478696587708286
3221,3,0.707319440447251
3222,-1,0.0
3223,0,0.3387918968023759
3224,6,0.30287414995517653
3225,-1,0.0
3226,0,1.0
3227,-1,0.0
3228,0,0.32369213406462694
3229,-1,0.0
3230,-1,0.0
3231,-1,0.0
3232,2,0.9100299335591208
3233,11,0.6523526084980784
3234,19,1.0
3235,11,0.6523526084980784
3236,-1,0.0
3237,-1,0.0
3238,3,0.9095566904623378
3239,18,1.0
3240,-1,0.0
3241,-1,0.0
3242,-1,0.0
3243,-1,0.0
3244,9,1.0
3245,-1,0.0
3246,0,0.3369611768616137
3247,-1,0.0
3248,8,1.0
3249,-1,0.0
3250,3,0.6956334716391911
3251,16,1.0
3252,16,1.0
3253,-1,0.0
3254,9,0.853590864531338
3255,-1,0.0
3256,2,0.8457474597278709
3257,2,0.8471497493330562
3258,11,0.6523526084980784
3259,-1,0.0
3260,-1,0.0
3261,6,0.26632468207515764
3262,23,1.0
3263,21,1.0
3264,-1,0.0
3265,3,0.8942672899528936
3266,7,0.41898283885101306
3267,11,0.6523526084980784
3268,11,0.6523526084980784
3269,-1,0.0
3270,-1,0.0
3271,12,0.7847264835664064
3272,1,1.0
3273,20,1.0
3274,-1,0.0
3275,-1,0.0
3276,-1,0.0
3277,19,1.0
3278,-1,0.0
3279,-1,0.0
3280,-1,0.0
3281,7,1.0
3282,7,0.4378680766015663
3283,1,0.5728512781842017
3284,-1,0.0
3285,-1,0.0
3286,7,0.6444717957555232
3287,16,1.0
3288,8,1.0
3289,3,0.6674581467034503
3290,8,0.47658345663221213
3291,-1,0.0
3292,12,0.7865866514830175
3293,15,1.0
3294,-1,0.0
3295,6,0.32547505700695845
3296,4,1.0
3297,-1,0.0
3298,21,1.0
3299,0,1.0
3300,9,0.6894966175343671
3301,1,1.0
3302,21,1.0
3303,8,1.0
3304,8,0.8295381607423844
3305,9,0.8269853088017126
3306,10,0.8490874353199189
3307,3,1.0
3308,18,1.0
3309,0,0.5337993152931383
3310,-1,0.0
3311,6,0.3360531518829243
3312,-1,0.0
3313,0,1.0
3314,-1,0.0
3315,5,0.5864717134441375
3316,18,0.9916587212611209
3317,-1,0.0
3318,11,1.0
3319,-1,0.0
3320,1,1.0
3321,8,0.8721886678950381
3322,13,1.0
3323,13,0.9851863184700921
3324,-1,0.0
3325,12,0.9130777380246825
3326,-1,0.0
3327,0,0.6266694832795116
3328,-1,0.0
3329,-1,0.0
3330,-1,0.0
3331,-1,0.0
3332,6,0.4346285671473606
3333,0,1.0
3334,14,0.9889861603698704
3335,7,0.3680227103384473
3336,2,0.9100299335591208
3337,-1,0.0
3338,27,1.0
3339,11,1.0
3340,-1,0.0
3341,1,1.0
3342,-1,0.0
3343,19,0.46045695545199306
3344,-1,0.0
3345,12,0.850872676382485
3346,0,1.0
3347,-1,0.0
3348,-1,0.0
3349,19,1.0
3350,-1,0.0
3351,-1,0.0
3352,-1,0.0
3353,4,0.8999457734811045
3354,2,0.6725711796872982
3355,2,0.9061724958037128
3356,3,0.6332387412374043
3357,7,0.3322068004044012
3358,27,0.9816044922116611
3359,23,1.0
3360,-1,0.0
3361,-1,0.0
3362,11,0.6523526084980784
3363,-1,0.0
3364,11,0.6523526084980784
3365,-1,0.0
3366,-1,0.0
3367,0,1.0
3368,7,0.32520577671540074
3369,-1,0.0
3370,1,1.0
3371,-1,0.0
3372,-1,0.0
3373,11,0.8457965683902519
3374,24,1.0
3375,-1,0.0
3376,25,0.8857209558878041
3377,11,0.8867322687668252
3378,-1,0.0
3379,28,1.0
3380,-1,0.0
3381,-1,0.0
3382,0,1.0
3383,12,0.8150411487482425
3384,24,1.0
3385,27,1.0
3386,-1,0.0
3387,-1,0.0
3388,2,0.8365835930939087
3389,9,0.8683708439582343
3390,25,1.0
3391,0,1.0
3392,24,1.0
3393,-1,0.0
3394,-1,0.0
3395,-1,0.0
3396,-1,0.0
3397,11,0.6523526084980784
3398,-1,0.0
3399,8,1.0
3400,-1,0.0
3401,14,0.7764520140747353
3402,-1,0.0
3403,-1,0.0
3404,28,0.9059974488263293
3405,-1,0.0
3406,14,0.7283270723205948
3407,-1,0.0
3408,-1,0.0
3409,14,0.8128381505890023
3410,-1,0.0
3411,18,1.0
3412,23,0.831809602007412
3413,14,1.0
3414,-1,0.0
3415,-1,0.0
3416,-1,0.0
3417,15,0.7903289921612593
3418,2,0.5280548046015275
3419,-1,0.0
3420,2,0.5571281054261766
3421,-1,0.0
3422,10,0.9274413944205041
3423,2,0.5877981911880286
3424,1,1.0
3425,8,1.0
3426,-1,0.0
3427,-1,0.0
3428,-1,0.0
3429,16,0.8130630791091413
3430,25,1.0
3431,25,1.0
3432,-1,0.0
3433,-1,0.0
3434,-1,0.0
3435,10,0.7624220220919418
3436,17,0.7109432534905642
3437,14,1.0
3438,14,0.7860370482279749
3439,17,0.8283246073175637
3440,1,1.0
3441,16,0.9181573589316987
3442,1,0.8698299623175811
3443,0,0.6853728336940615
3444,8,1.0
3445,-1,0.0
3446,-1,0.0
3447,-1,0.0
3448,-1,0.0
3449,3,0.7062034100487942
3450,-1,0.0
3451,8,0.37907760410576524
3452,11,0.9377959537355162
3453,21,1.0
3454,3,0.7830593502952625
3455,3,0.795976107053169
3456,0,1.0
3457,-1,0.0
3458,8,0.9849949884773589
3459,-1,0.0
3460,-1,0.0
3461,-1,0.0
3462,0,0.9740362017131224
3463,0,0.9875488038334196
3464,6,0.3645609416896263
3465,-1,0.0
3466,17,0.689837602871548
3467,-1,0.0
3468,12,1.0
3469,0,0.44464247993142425
3470,-1,0.0
3471,0,0.6073722622615055
3472,0,1.0
3473,-1,0.0
3474,11,0.951775154112454
3475,11,1.0
3476,1,1.0
3477,-1,0.0
3478,8,1.0
3479,-1,0.0
3480,18,0.8291843581360039
3481,26,1.0
3482,29,1.0
3483,0,0.5591969005895747
3484,0,0.8307239433256415
3485,-1,0.0
3486,3,0.9075961435090835
3487,-1,0.0
3488,8,0.503620710194736
3489,5,0.5884389167769203
3490,-1,0.0
3491,2,1.0
3492,0,1.0
3493,18,0.7890885410290008
3494,2,1.0
3495,18,1.0
3496,18,1.0
3497,-1,0.0
3498,11,0.8333557007555848
3499,-1,0.0
3500,1,1.0
3501,-1,0.0
3502,9,0.679696486121769
3503,18,1.0
3504,-1,0.0
3505,-1,0.0
3506,29,1.0
3507,29,1.0
3508,1,1.0
3509,1,1.0
3510,8,1.0
3511,-1,0.0
3512,-1,0.0
3513,27,1.0
3514,-1,0.0
3515,-1,0.0
3516,-1,0.0
3517,2,0.9015415564849404
3518,-1,0.0
3519,0,1.0
3520,0,0.8595793791023052
3521,-1,0.0
3522,6,0.33528387163311
3523,5,0.76094357786281
3524,-1,0.0
3525,4,0.9440325712603472
3526,-1,0.0
3527,0,0.9348351891129699
3528,0,0.7322915714862568
3529,29,1.0
3530,-1,0.0
3531,2,0.9644344553514295
3532,18,1.0
3533,-1,0.0
3534,-1,0.0
3535,-1,0.0
3536,1,1.0
3537,1,1.0
3538,0,1.0
3539,-1,0.0
3540,8,1.0
3541,4,0.9569061874456982
3542,9,0.9599023947810479
3543,-1,0.0
3544,2,0.6725711796872982
3545,3,0.9078532597804796
3546,-1,0.0
3547,-1,0.0
3548,6,0.45599398660087537
3549,5,0.7699892485409453
3550,19,1.0
3551,14,0.9648033402472785
3552,0,1.0
3553,2,0.6286605878238501
3554,18,1.0
3555,-1,0.0
3556,20,0.6489893887434024
3557,1,1.0
3558,1,1.0
3559,9,0.9856942715671634
3560,8,1.0
3561,3,0.9493485340623126
3562,18,0.7652707359753922
3563,18,0.8754345624077672
3564,-1,0.0
3565,10,1.0
3566,-1,0.0
3567,-1,0.0
3568,-1,0.0
3569,-1,0.0
3570,10,0.8049119074312316
3571,6,0.545707183581583
3572,9,0.8884303400092566
3573,12,1.0
3574,13,0.5283055802746315
3575,12,0.767034540295829
3576,21,0.9275065964958461
3577,-1,0.0
3578,0,0.8152962002206356
3579,0,1.0
3580,7,1.0
3581,1,1.0
3582,7,1.0
3583,-1,0.0
3584,-1,0.0
3585,1,1.0
3586,8,0.707809197773335
3587,-1,0.0
3588,10,0.8479607793983465
3589,-1,0.0
3590,-1,0.0
3591,-1,0.0
3592,-1,0.0
3593,0,1.0
3594,2,0.5315876636758052
3595,-1,0.0
3596,-1,0.0
3597,6,0.24270359200794642
3598,14,1.0
3599,14,0.8067839943050301
3600,18,0.8354239698045388
3601,24,1.0
3602,-1,0.0
3603,3,1.0
3604,8,0.7929533036813965
3605,1,0.5735037730219946
3606,14,0.6526711989035381
3607,8,1.0
3608,-1,0.0
3609,16,1.0
3610,13,0.8114260114640008
3611,28,1.0
3612,14,1.0
3613,5,0.5619893353572705
3614,-1,0.0
3615,-1,0.0
3616,4,1.0
3617,-1,0.0
3618,4,0.8846476310182226
3619,23,0.8218906224335529
3620,29,1.0
3621,-1,0.0
3622,4,0.870622575347345
3623,-1,0.0
3624,4,0.9013053300028837
3625,13,1.0
3626,6,0.32204648809019576
3627,-1,0.0
3628,-1,0.0
3629,11,0.7080901400671804
3630,0,0.8397462096700006
3631,-1,0.0
3632,18,1.0
3633,24,1.0
3634,20,0.6489893887434024
3635,-1,0.0
3636,0,0.8418698720043168
3637,-1,0.0
3638,1,1.0
3639,-1,0.0
3640,4,0.967763241369282
3641,8,1.0
3642,8,0.5905947012064621
3643,1,1.0
3644,-1,0.0
3645,0,0.9930639716908904
3646,0,0.7176647096754835
3647,-1,0.0
3648,-1,0.0
3649,0,1.0
3650,-1,0.0
3651,8,0.6511094207368023
3652,2,0.6617327027399497
3653,-1,0.0
3654,2,0.7936863178685543
3655,0,0.9907534036472512
3656,0,0.6886701871352039
3657,2,1.0
3658,-1,0.0
3659,-1,0.0
3660,18,0.7855788470487555
3661,14,0.9745949224179982
3662,-1,0.0
3663,10,0.7074358591068184
3664,27,1.0
3665,0,0.6967963724930086
3666,-1,0.0
3667,6,0.36158384075631844
3668,-1,0.0
3669,-1,0.0
3670,1,1.0
3671,8,0.9623711927236633
3672,1,1.0
3673,25,1.0
3674,25,1.0
3675,0,0.5144972728600917
3676,25,1.0
3677,-1,0.0
3678,-1,0.0
3679,-1,0.0
3680,0,0.5012081027743355
3681,25,1.0
3682,-1,0.0
3683,-1,0.0
3684,-1,0.0
3685,6,0.4325657626640458
3686,5,0.6312415268896461
3687,5,0.6465202919801558
3688,2,1.0
3689,-1,0.0
3690,0,1.0
3691,-1,0.0
3692,0,1.0
3693,-1,0.0
3694,7,0.4621233689091963
3695,2,0.8711204533193391
3696,2,0.5992057803992278
3697,2,0.8642311227844118
3698,-1,0.0
3699,-1,0.0
3700,27,1.0
3701,-1,0.0
3702,-1,0.0
3703,1,1.0
3704,8,0.8616565004848585
3705,-1,0.0
3706,16,1.0
3707,16,1.0
3708,16,1.0
3709,16,1.0
3710,-1,0.0
3711,9,1.0
3712,22,0.8328504946251423
3713,9,0.9668964324564273
3714,7,0.65531428861758
3715,9,0.5837338003778599
3716,-1,0.0
3717,9,0.7199249865556029
3718,10,0.8898700148879262
3719,-1,0.0
3720,-1,0.0
3721,6,0.3370827942456909
3722,16,0.8961847333048881
3723,4,1.0
3724,3,0.9059782332735805
3725,0,0.7818757858351071
3726,0,0.702206689127088
3727,0,0.7954438113136904
3728,23,0.9746140397964522
3729,18,1.0
3730,-1,0.0
3731,20,0.6489893887434024
3732,3,1.0
3733,-1,0.0
3734,1,1.0
3735,1,0.5675706984484323
3736,-1,0.0
3737,23,1.0
3738,8,0.7029037933215496
3739,16,0.7781257290250457
3740,16,0.7833165247248005
3741,-1,0.0
3742,-1,0.0
3743,9,0.8373031554830844
3744,19,0.615039669646697
3745,-1,0.0
3746,15,0.4980214995226677
3747,0,0.7512769822575037
3748,9,0.586211739860459
3749,6,0.29322247032554133
3750,-1,0.0
3751,2,0.8557168635850004
3752,-1,0.0
3753,19,0.7148043132246079
3754,2,0.5809996647235246
3755,0,1.0
3756,0,1.0
3757,19,0.7013305886650072
3758,7,0.30346477814684514
3759,1,1.0
3760,0,1.0
3761,-1,0.0
3762,17,0.9287647645371556
3763,10,0.9335463627210889
3764,1,0.5705529669356386
3765,10,0.7282328535618853
3766,8,0.7250360443064287
3767,7,0.9303242194943003
3768,4,0.958907529505903
3769,-1,0.0
3770,10,0.752885470547834
3771,4,0.9058810879528697
3772,11,0.9790438013816364
3773,4,0.9231757554581502
3774,0,1.0
3775,3,0.808753761591762
3776,-1,0.0
3777,-1,0.0
3778,1,1.0
3779,-1,0.0
3780,-1,0.0
3781,21,1.0
3782,0,1.0
3783,-1,0.0
3784,0,0.4084366105449495
3785,29,1.0
3786,29,1.0
3787,-1,0.0
3788,-1,0.0
3789,1,1.0
3790,-1,0.0
3791,8,0.8869088464248917
3792,9,1.0
3793,9,1.0
3794,9,1.0
3795,-1,0.0
3796,0,1.0
3797,-1,0.0
3798,17,0.679229245162297
3799,17,0.6198731738721124
3800,-1,0.0
3801,21,0.9627782736188988
3802,0,1.0
3803,17,0.44022873733004864
3804,17,1.0
3805,1,1.0
3806,17,0.8366417906280617
3807,12,1.0
3808,-1,0.0
3809,26,1.0
3810,21,1.0
3811,8,1.0
3812,3,0.9380773086811472
3813,-1,0.0
3814,-1,0.0
3815,-1,0.0
3816,0,1.0
3817,-1,0.0
3818,-1,0.0
3819,1,1.0
3820,-1,0.0
3821,21,0.6770722820706211
3822,3,0.7471763547277728
3823,-1,0.0
3824,6,0.32676561955126526
3825,18,0.7790217070623889
3826,7,0.3333194536117085
3827,15,0.542449788563714
3828,0,1.0
3829,3,1.0
3830,13,0.5892437205607679
3831,0,1.0
3832,0,0.7231089652055196
3833,-1,0.0
3834,7,0.4751068758615489
3835,12,0.9390250534887564
3836,10,0.8251446756156138
3837,-1,0.0
3838,20,0.6475560477077877
3839,-1,0.0
3840,3,0.8067079406127899
3841,-1,0.0
3842,3,0.7135589192681182
3843,1,1.0
3844,1,1.0
3845,8,1.0
3846,3,0.9235209009543266
3847,-1,0.0
3848,-1,0.0
3849,4,0.9573605838347219
3850,0,1.0
3851,-1,0.0
3852,11,0.9714196673781579
3853,10,0.8875778696137943
3854,-1,0.0
3855,-1,0.0
3856,6,0.3445204474546578
3857,0,1.0
3858,3,0.9251333672664167
3859,7,0.7807688277850999
3860,0,0.8746071863814974
3861,-1,0.0
3862,0,1.0
3863,-1,0.0
3864,-1,0.0
3865,10,1.0
3866,-1,0.0
3867,20,0.6408867185512711
3868,5,0.638494589449756
3869,-1,0.0
3870,0,1.0
3871,3,1.0
3872,1,0.7350364394531108
3873,8,0.9848473209173727
3874,3,0.7735116970702619
3875,18,1.0
3876,-1,0.0
3877,-1,0.0
3878,10,0.8169994268348054
3879,0,1.0
3880,-1,0.0
3881,10,0.7832343614742596
3882,6,0.3445204474546578
3883,4,1.0
3884,19,1.0
3885,14,0.6697144741783312
3886,-1,0.0
3887,0,1.0
3888,0,1.0
3889,2,0.6630263002466151
3890,5,0.5790401998332559
3891,0,0.6475998081191556
3892,-1,0.0
3893,0,0.7445808622031631
3894,0,0.6438439569507526
3895,21,0.5169550981479205
3896,0,0.7386662770642488
3897,7,0.43644738200277833
3898,7,0.29369295469775847
3899,-1,0.0
3900,10,0.8553531961093241
3901,24,1.0
3902,-1,0.0
3903,12,1.0
3904,1,1.0
3905,1,1.0
3906,8,1.0
3907,3,0.6305807466776783
3908,11,0.8973035574651121
3909,-1,0.0
3910,-1,0.0
3911,-1,0.0
3912,0,1.0
3913,0,1.0
3914,-1,0.0
3915,0,1.0
3916,3,0.687997902149229
3917,-1,0.0
3918,-1,0.0
3919,0,0.6155476030926041
3920,0,1.0
3921,-1,0.0
3922,0,1.0
3923,21,0.636995938781448
3924,0,1.0
3925,2,1.0
3926,-1,0.0
3927,-1,0.0
3928,-1,0.0
3929,29,1.0
3930,-1,0.0
3931,3,0.8724164422755497
3932,0,0.6974105443282249
3933,27,0.9706883293307842
3934,21,0.5789059315655745
3935,0,0.685060872053017
3936,11,0.9104671961450729
3937,-1,0.0
3938,1,1.0
3939,11,1.0
3940,8,0.732586856907345
3941,5,0.7631579137623745
3942,-1,0.0
3943,10,0.799495319580769
3944,-1,0.0
3945,10,0.769425035902291
3946,21,1.0
3947,21,1.0
3948,0,0.8730794743747397
3949,5,0.7471933706876166
3950,-1,0.0
3951,-1,0.0
3952,12,0.9290461569660368
3953,-1,0.0
3954,-1,0.0
3955,5,0.6522603145912529
3956,6,0.39970503253487916
3957,7,0.5774072891090348
3958,-1,0.0
3959,4,1.0
3960,7,0.35413775862642344
3961,1,1.0
3962,9,1.0
3963,-1,0.0
3964,2,0.6725711796872982
3965,-1,0.0
3966,-1,0.0
3967,27,1.0
3968,10,0.8460419305883767
3969,5,1.0
3970,5,0.8539403253935465
3971,0,0.6161037206599337
3972,1,1.0
3973,10,0.8659674495232527
3974,10,0.8431801310053169
3975,0,0.7417919515037936
3976,27,1.0
3977,8,0.32821880224511824
3978,-1,0.0
3979,1,0.5871553003522634
3980,0,0.9141486701219138
3981,5,0.6463413592474395
3982,8,1.0
3983,0,0.6951874361943083
3984,11,0.8024598637577625
3985,0,0.742905295987467
3986,-1,0.0
3987,0,0.81366388889856
3988,4,1.0
3989,-1,0.0
3990,-1,0.0
3991,13,1.0
3992,-1,0.0
3993,13,1.0
3994,-1,0.0
3995,13,0.5495028886890477
3996,13,1.0
3997,6,0.2577525691064802
3998,-1,0.0
3999,9,0.6222386498543736
4000,-1,0.0
4001,7,0.30525522072581945
4002,0,0.7332235663055702
4003,3,0.9522982649785308
4004,4,1.0
4005,10,0.8273048141755669
4006,2,1.0
4007,0,0.8137197134975698
4008,-1,0.0
4009,5,0.5774644904378003
4010,1,1.0
4011,13,0.5453141340156589
4012,-1,0.0
4013,8,0.5368618956920941
4014,-1,0.0
4015,4,1.0
4016,1,0.683892532082006
4017,8,0.7940267483460851
4018,18,0.9382323181955137
4019,-1,0.0
4020,0,0.9412207239763252
4021,0,1.0
4022,18,0.8788699723583507
4023,10,0.8410225900499947
4024,10,1.0
4025,-1,0.0
4026,2,0.9100299335591208
4027,0,0.5544133191316791
4028,0,0.7295454925617598
4029,-1,0.0
4030,6,0.3445204474546578
4031,2,0.9100299335591208
4032,-1,0.0
4033,18,1.0
4034,27,1.0
4035,20,0.6489893887434024
4036,20,0.6489893887434024
4037,-1,0.0
4038,4,1.0
4039,0,0.5156357675319969
4040,-1,0.0
4041,-1,0.0
4042,-1,0.0
4043,8,0.49039290559990556
4044,0,0.9342998229637919
4045,3,0.6263091927220924
4046,-1,0.0
4047,-1,0.0
4048,0,1.0
4049,7,0.315112353842444
4050,8,1.0
4051,-1,0.0
4052,9,0.8872239813408321
4053,-1,0.0
4054,25,1.0
4055,-1,0.0
4056,-1,0.0
4057,25,1.0
4058,0,0.8797254464325424
4059,18,0.886742013581711
4060,-1,0.0
4061,24,1.0
4062,-1,0.0
4063,-1,0.0
4064,3,0.8254235329580962
4065,10,0.7610445463899296
4066,2,0.5413647238267045
4067,10,1.0
4068,-1,0.0
4069,-1,0.0
4070,6,0.24290053628030764
4071,-1,0.0
4072,16,0.7128167617286372
4073,9,1.0
4074,16,0.9154593535999024
4075,28,1.0
4076,-1,0.0
4077,-1,0.0
4078,-1,0.0
4079,-1,0.0
4080,-1,0.0
4081,-1,0.0
4082,3,0.6312104752082038
4083,22,0.5137560734152277
4084,25,0.29462664586368675
4085,-1,0.0
4086,-1,0.0
4087,-1,0.0
4088,4,0.9509759327287003
4089,-1,0.0
4090,1,1.0
4091,8,0.9866231139427195
4092,12,0.801988004274476
4093,-1,0.0
4094,16,1.0
4095,-1,0.0
4096,10,0.8098324088147889
4097,-1,0.0
4098,6,0.338299769818397
4099,-1,0.0
4100,-1,0.0
4101,-1,0.0
4102,21,1.0
4103,13,0.5495028886890477
4104,2,0.9851787072384995
4105,0,0.9779354734999284
4106,16,1.0
4107,12,1.0
4108,7,1.0
4109,-1,0.0
4110,-1,0.0
4111,23,0.8480069560689827
4112,23,0.889427245804137
4113,18,0.9890393866216667
4114,-1,0.0
4115,-1,0.0
4116,-1,0.0
4117,23,0.8334323226323221
4118,1,1.0
4119,-1,0.0
4120,10,1.0
4121,-1,0.0
4122,-1,0.0
4123,21,0.6721858360790329
4124,-1,0.0
4125,0,0.9053979449711465
4126,1,1.0
4127,10,0.8561566327148352
4128,8,1.0
4129,0,1.0
4130,-1,0.0
4131,9,0.699843016705555
4132,21,0.9977075226008326
4133,10,0.8727873015326021
4134,-1,0.0
4135,-1,0.0
4136,12,0.7631141977934074
4137,-1,0.0
4138,16,0.7529356576998594
4139,7,0.35291749378191545
4140,-1,0.0
4141,-1,0.0
4142,4,1.0
4143,9,0.5805358304770891
4144,0,0.8612242049721796
4145,10,0.8461764184400604
4146,0,1.0
4147,-1,0.0
4148,0,1.0
4149,0,0.9730420508041882
4150,-1,0.0
4151,7,0.42602636123394705
4152,-1,0.0
4153,-1,0.0
4154,-1,0.0
4155,-1,0.0
4156,1,0.6041254971944442
4157,10,0.776315478672385
4158,8,0.6107126578025615
4159,3,0.9281186546700145
4160,-1,0.0
4161,-1,0.0
4162,-1,0.0
4163,0,0.5448313507384006
4164,0,0.43261053068013566
4165,0,0.5610331178386483
4166,3,0.670781411224758
4167,-1,0.0
4168,-1,0.0
4169,-1,0.0
4170,4,0.8728356527367553
4171,6,0.6017162374261453
4172,2,1.0
4173,-1,0.0
4174,0,1.0
4175,0,0.6392369725733199
4176,21,0.9653425113554074
4177,0,1.0
4178,0,1.0
4179,0,1.0
4180,0,1.0
4181,0,1.0
4182,3,0.6603755056311957
4183,1,1.0
4184,1,1.0
4185,8,0.3913246577753845
4186,22,0.45824510723026113
4187,-1,0.0
4188,-1,0.0
4189,3,0.6785540877687596
4190,5,1.0
4191,0,1.0
4192,-1,0.0
4193,22,0.460514207893148
4194,-1,0.0
4195,-1,0.0
4196,6,0.2674085769796492
4197,3,0.8709316016165891
4198,-1,0.0
4199,0,0.9567698547710513
4200,-1,0.0
4201,7,0.8862465655935927
4202,-1,0.0
4203,22,1.0
4204,22,1.0
4205,1,1.0
4206,1,1.0
4207,-1,0.0
4208,-1,0.0
4209,1,1.0
4210,-1,0.0
4211,8,0.48289990849479525
4212,0,0.9479903001516405
4213,9,0.6189338757313232
4214,-1,0.0
4215,10,0.8598774205539214
4216,10,1.0
4217,0,1.0
4218,-1,0.0
4219,3,0.9747093906679333
4220,3,0.7253312887843062
4221,-1,0.0
4222,6,0.31709216871113427
4223,5,0.7331983927390378
4224,-1,0.0
4225,5,0.7671086880386314
4226,0,1.0
4227,0,0.8963246966270149
4228,-1,0.0
4229,-1,0.0
4230,2,0.8908597424715325
4231,2,1.0
4232,-1,0.0
4233,-1,0.0
4234,5,0.6386290187298393
4235,1,1.0
4236,-1,0.0
4237,0,1.0
4238,0,0.5258372415957133
4239,3,1.0
4240,1,1.0
4241,9,0.6236480013058818
4242,8,0.9007627554635173
4243,3,0.757962259989874
4244,-1,0.0
4245,-1,0.0
4246,10,0.9114151342744892
4247,10,0.9193306395048594
4248,0,0.5014791774264588
4249,12,1.0
4250,-1,0.0
4251,21,1.0
4252,0,1.0
4253,0,0.957964901522774
4254,0,0.961775406664304
4255,-1,0.0
4256,0,1.0
4257,10,0.9308357743791865
4258,2,1.0
4259,19,0.7449040429180482
4260,27,1.0
4261,5,1.0
4262,3,0.8667049856381791
4263,1,1.0
4264,1,1.0
4265,8,0.9301102898948327
4266,0,0.845345407580387
4267,10,0.820118340044094
4268,0,0.8297323942686169
4269,-1,0.0
4270,-1,0.0
4271,3,1.0
4272,-1,0.0
4273,6,0.3091210778500589
4274,-1,0.0
4275,-1,0.0
4276,14,0.769562337151553
4277,24,1.0
4278,0,1.0
4279,0,0.8337189345422221
4280,7,1.0
4281,-1,0.0
4282,-1,0.0
4283,10,0.8619656694967577
4284,2,1.0
4285,14,0.845307767278918
4286,-1,0.0
4287,3,0.8294947871339654
4288,1,1.0
4289,14,1.0
4290,0,0.8138508107101398
4291,8,1.0
4292,0,0.4539978484974918
4293,-1,0.0
4294,16,1.0
4295,10,0.9116426742003546
4296,0,0.6686866545519007
4297,-1,0.0
4298,11,1.0
4299,0,0.7382116414580704
4300,0,0.8887383463405765
4301,-1,0.0
4302,3,1.0
4303,-1,0.0
4304,-1,0.0
4305,6,0.22698219849320214
4306,-1,0.0
4307,2,0.6668090351479061
4308,-1,0.0
4309,0,0.8900077104051075
4310,10,0.7081071423455111
4311,3,0.8943350739120154
4312,3,0.9575071468503268
4313,2,1.0
4314,0,0.9641733672610223
4315,12,0.8997550590259804
4316,21,1.0
4317,0,1.0
4318,7,1.0
4319,7,0.4892558424595662
4320,1,1.0
4321,1,1.0
4322,8,0.3340710393855379
4323,-1,0.0
4324,9,0.9967586028488223
4325,-1,0.0
4326,-1,0.0
4327,-1,0.0
4328,-1,0.0
4329,-1,0.0
4330,0,1.0
4331,-1,0.0
4332,-1,0.0
4333,6,0.3445204474546578
4334,2,0.8046402347629409
4335,0,0.7252629213527523
4336,0,0.6605085953257017
4337,-1,0.0
4338,17,0.8757063511421329
4339,7,1.0
4340,-1,0.0
4341,-1,0.0
4342,2,1.0
4343,-1,0.0
4344,-1,0.0
4345,-1,0.0
4346,3,0.6525574000868068
4347,-1,0.0
4348,21,0.7710064483793815
4349,8,0.23610414890675668
4350,-1,0.0
4351,-1,0.0
4352,9,0.7070923113475904
4353,-1,0.0
4354,8,0.2548115234947663
4355,9,0.7200177342481631
4356,27,1.0
4357,-1,0.0
4358,8,0.2766449994278226
4359,1,1.0
4360,1,1.0
4361,8,0.42986063423035786
4362,11,1.0
4363,2,1.0
4364,13,1.0
4365,-1,0.0
4366,9,1.0
4367,3,0.8608771400911247
4368,9,1.0
4369,28,0.9898810316189041
4370,1,1.0
4371,0,1.0
4372,13,1.0
4373,-1,0.0
4374,0,0.7738162880798591
4375,0,1.0
4376,-1,0.0
4377,6,0.33898917883118196
4378,-1,0.0
4379,5,0.7033846810826176
4380,7,0.37615084256949877
4381,17,1.0
4382,13,0.4112414564797183
4383,-1,0.0
4384,13,1.0
4385,0,0.9537180875408776
4386,-1,0.0
4387,7,0.7361132766147712
4388,8,0.8818930101278124
4389,-1,0.0
4390,-1,0.0
4391,-1,0.0
4392,22,1.0
4393,13,1.0
4394,8,1.0
4395,12,0.8137255747594111
4396,-1,0.0
4397,0,1.0
4398,-1,0.0
4399,-1,0.0
4400,0,0.8230582758135406
4401,0,0.5803114260494826
4402,-1,0.0
4403,1,1.0
4404,6,0.28700015794461864
4405,-1,0.0
4406,10,0.9315070391452536
4407,21,1.0
4408,6,0.22206130910119382
4409,7,1.0
4410,-1,0.0
4411,-1,0.0
4412,-1,0.0
4413,1,1.0
4414,-1,0.0
4415,10,1.0
4416,-1,0.0
4417,1,1.0
4418,-1,0.0
4419,5,0.660939369088343
4420,-1,0.0
4421,6,0.22094988430877752
4422,18,0.9247410947760805
4423,0,1.0
4424,18,0.9348204484779643
4425,18,1.0
4426,-1,0.0
4427,17,1.0
4428,8,0.9259532304733147
4429,-1,0.0
4430,9,0.9418883334658775
4431,-1,0.0
4432,25,1.0
4433,-1,0.0
4434,-1,0.0
4435,-1,0.0
4436,-1,0.0
4437,25,0.7673594508246216
4438,0,1.0
4439,9,0.8817923817409896
4440,-1,0.0
4441,9,0.7311609069595147
4442,9,1.0
4443,3,0.9522982649785308
4444,28,1.0
4445,-1,0.0
4446,23,1.0
4447,10,0.8784966765612406
4448,-1,0.0
4449,23,0.9599944352502365
4450,15,1.0
4451,15,1.0
4452,-1,0.0
4453,9,0.8046299772580354
4454,3,0.8890576885782362
4455,-1,0.0
4456,6,0.34151079263633904
4457,9,0.6625747272266096
4458,12,1.0
4459,0,0.7642672051017141
4460,10,0.8147949488655646
4461,-1,0.0
4462,2,1.0
4463,19,0.45715700768344986
4464,24,1.0
4465,5,0.6080082245419667
4466,1,1.0
4467,1,1.0
4468,8,0.918566395926817
4469,-1,0.0
4470,0,1.0
4471,-1,0.0
4472,10,0.9178404551123033
4473,-1,0.0
4474,-1,0.0
4475,0,0.46191522551414854
4476,2,0.5421886669261573
4477,0,0.7010390094786896
4478,-1,0.0
4479,-1,0.0
4480,17,0.45510095426443264
4481,17,1.0
4482,0,1.0
4483,7,0.6863023092357672
4484,-1,0.0
4485,11,0.6592818264614068
4486,10,1.0
4487,-1,0.0
4488,-1,0.0
4489,5,0.6452509776032102
4490,18,0.7720110488172707
4491,0,1.0
4492,-1,0.0
4493,10,0.724015452957805
4494,10,1.0
4495,10,1.0
4496,10,0.8512417278651179
4497,-1,0.0
4498,1,1.0
4499,8,1.0
4500,-1,0.0
4501,10,0.7874265280392477
4502,25,1.0
4503,-1,0.0
4504,3,0.6921405355717288
4505,-1,0.0
4506,20,1.0
4507,-1,0.0
4508,13,0.5495028886890477
4509,2,1.0
4510,0,1.0
4511,-1,0.0
4512,0,0.7586223001773906
4513,3,0.6928846985444799
4514,10,0.700619262803547
4515,-1,0.0
4516,10,0.7899764296381865
4517,13,0.5495028886890477
4518,13,0.46911653981130236
4519,3,0.6424669219600467
4520,0,0.9683544019211069
4521,18,1.0
4522,7,1.0
4523,1,1.0
4524,-1,0.0
4525,1,0.58852699309322
4526,10,0.8015446277388585
4527,8,1.0
4528,-1,0.0
4529,4,1.0
4530,3,0.874267246633902
4531,3,0.862402082519373
4532,-1,0.0
4533,4,1.0
4534,-1,0.0
4535,0,1.0
4536,-1,0.0
4537,-1,0.0
4538,-1,0.0
4539,0,1.0
4540,-1,0.0
4541,-1,0.0
4542,6,0.33942425321532393
4543,-1,0.0
4544,9,1.0
4545,-1,0.0
4546,15,0.9815803202712362
4547,21,0.9075566895701559
4548,0,1.0
4549,7,1.0
4550,3,0.9512036655712011
4551,-1,0.0
4552,-1,0.0
4553,0,1.0
4554,1,0.9649761818165044
4555,-1,0.0
4556,-1,0.0
4557,8,1.0
4558,-1,0.0
4559,-1,0.0
4560,16,1.0
4561,-1,0.0
4562,4,0.9416693605842913
4563,16,0.8127591621939319
4564,-1,0.0
4565,-1,0.0
4566,0,1.0
4567,-1,0.0
4568,-1,0.0
4569,0,1.0
4570,17,1.0
4571,-1,0.0
4572,17,0.5403131093214696
4573,7,1.0
4574,16,0.8651942963249356
4575,-1,0.0
4576,-1,0.0
4577,16,0.9842432877262327
4578,-1,0.0
4579,-1,0.0
4580,4,1.0
4581,-1,0.0
4582,1,1.0
4583,8,0.5396605298615565
4584,0,1.0
4585,-1,0.0
4586,0,0.9853413804511589
4587,10,0.9479169754900327
4588,10,0.8443882778041742
4589,0,0.4873175512761506
4590,-1,0.0
4591,2,0.914140238660716
4592,0,0.9521495176592246
4593,-1,0.0
4594,10,0.7305108421905147
4595,0,1.0
4596,21,0.8573527491803015
4597,2,0.702402613585546
4598,2,1.0
4599,0,1.0
4600,13,0.5495028886890477
4601,0,1.0
4602,-1,0.0
4603,11,0.9631528742335915
4604,10,0.7631069499181609
4605,2,1.0
4606,-1,0.0
4607,-1,0.0
4608,4,0.9137092155932509
4609,-1,0.0
4610,4,1.0
4611,-1,0.0
4612,3,1.0
4613,-1,0.0
4614,4,1.0
4615,7,0.39386657264475483
4616,4,1.0
4617,10,0.8914740407176596
4618,0,0.5059012411026432
4619,-1,0.0
4620,-1,0.0
4621,0,0.7772753537442812
4622,-1,0.0
4623,-1,0.0
4624,9,1.0
4625,0,0.8617628492257575
4626,-1,0.0
4627,-1,0.0
4628,8,0.3744749325414548
4629,9,1.0
4630,-1,0.0
4631,13,0.4104431156972744
4632,3,1.0
4633,3,0.8222537628620629
4634,13,0.44784744030843376
4635,0,0.6056434386870564
4636,2,1.0
4637,17,0.7211487952148473
4638,7,1.0
4639,11,0.9245912474253315
4640,2,1.0
4641,-1,0.0
4642,-1,0.0
4643,1,1.0
4644,0,0.7084662833692407
4645,1,1.0
4646,0,0.9867449944298733
4647,-1,0.0
4648,-1,0.0
4649,0,1.0
4650,2,0.8666541318345324
4651,0,0.7301909600419425
4652,10,0.9791179519719904
4653,4,1.0
4654,6,0.3306102566934397
4655,11,0.6523526084980784
4656,-1,0.0
4657,-1,0.0
4658,28,1.0
4659,-1,0.0
4660,14,1.0
4661,13,0.5495028886890477
4662,0,0.5903711077604594
4663,0,0.639805287339445
4664,7,1.0
4665,11,0.6523526084980784
4666,10,0.8430798788178157
4667,2,1.0
4668,1,1.0
4669,14,1.0
4670,1,1.0
4671,-1,0.0
4672,-1,0.0
4673,7,1.0
4674,-1,0.0
4675,-1,0.0
4676,0,0.9940867327004345
4677,21,0.29854965818011364
4678,3,0.649357076607794
4679,15,0.5226154899852903
4680,-1,0.0
4681,-1,0.0
4682,0,1.0
4683,16,0.8382123201750706
4684,3,0.758862391987147
4685,2,1.0
4686,0,0.9145943144246956
4687,4,0.8730872650888027
4688,-1,0.0
4689,0,1.0
4690,11,0.621439936446158
4691,0,0.8297173750686092
4692,0,1.0
4693,13,0.5495028886890477
4694,2,0.6574457257100774
4695,0,0.8573671254981237
4696,7,0.3646116673057809
4697,0,0.8296659606305337
4698,1,1.0
4699,-1,0.0
4700,1,1.0
4701,-1,0.0
4702,-1,0.0
4703,15,0.44499793101710955
4704,-1,0.0
4705,-1,0.0
4706,2,0.6725711796872982
4707,4,0.8782960591185931
4708,0,1.0
4709,3,1.0
4710,9,0.7101988095508306
4711,9,0.7577434477415022
4712,9,0.9370442065927049
4713,9,0.8321699825877753
4714,17,0.3342501903474725
4715,0,0.633529491815287
4716,2,0.6642033152024547
4717,2,0.6334045673664318
4718,2,0.6553915347915962
4719,-1,0.0
4720,6,0.33303588112802446
4721,0,1.0
4722,-1,0.0
4723,28,1.0
4724,0,0.9293667854906622
4725,0,0.8895182543174538
4726,2,0.6457642211940819
4727,15,1.0
4728,11,1.0
4729,-1,0.0
4730,2,1.0
4731,7,0.37088088523729623
4732,-1,0.0
4733,-1,0.0
4734,3,0.8124504486471242
4735,22,0.9707578044297441
4736,3,0.8447175900087581
4737,8,0.5605405935334045
4738,13,1.0
4739,-1,0.0
4740,-1,0.0
4741,28,1.0
4742,7,0.38357564029512925
4743,0,0.7023357498657221
4744,13,1.0
4745,6,0.34021241892348275
4746,-1,0.0
4747,9,1.0
4748,9,0.8961883110303271
4749,22,1.0
4750,3,0.7732767062117883
4751,2,0.8740589829953259
4752,0,1.0
4753,13,0.4840977556468642
4754,13,1.0
4755,7,0.7547443945987272
4756,-1,0.0
4757,15,1.0
4758,15,0.6764658926563027
4759,11,1.0
4760,-1,0.0
4761,-1,0.0
4762,2,1.0
4763,15,0.5469114079638299
4764,19,0.8393318053051372
4765,16,1.0
4766,-1,0.0
4767,0,1.0
4768,2,0.9240828828262997
4769,4,1.0
4770,22,1.0
4771,13,0.6758776628649465
4772,4,1.0
4773,2,1.0
4774,19,0.896345715359138
4775,4,1.0
4776,-1,0.0
4777,18,0.9792845227063972
4778,8,0.8547608990253104
4779,0,0.860704634454948
4780,2,1.0
4781,9,0.7734747851718226
4782,9,0.6738846823505695
4783,0,0.817941320588711
4784,0,1.0
4785,0,0.8194451891856681
4786,-1,0.0
4787,0,0.9823270661935726
4788,0,0.7206436720032207
4789,7,0.8153558473504321
4790,10,1.0
4791,2,1.0
4792,15,0.4688821911940517
4793,-1,0.0
4794,-1,0.0
4795,-1,0.0
4796,-1,0.0
4797,-1,0.0
4798,0,1.0
4799,2,1.0
4800,7,0.44230569471380465
4801,27,0.9858261887201023
4802,14,0.6584094013363693
4803,8,0.540615072426909
4804,-1,0.0
4805,-1,0.0
4806,-1,0.0
4807,-1,0.0
4808,-1,0.0
4809,-1,0.0
4810,-1,0.0
4811,6,0.32632009011274105
4812,-1,0.0
4813,7,0.4319745153680142
4814,-1,0.0
4815,0,1.0
4816,22,1.0
4817,-1,0.0
4818,2,1.0
4819,2,1.0
4820,3,0.6391155599034141
4821,0,1.0
4822,0,1.0
4823,13,0.521902281408411
4824,0,1.0
4825,7,0.9146350109627857
4826,-1,0.0
4827,10,0.845664667073682
4828,2,1.0
4829,-1,0.0
4830,-1,0.0
4831,1,1.0
4832,-1,0.0
4833,25,0.28394191204805047
4834,0,1.0
4835,7,0.9905579166595333
4836,7,0.4300532449144338
4837,8,0.5020742099934989
4838,0,1.0
4839,22,0.8879204172239294
4840,-1,0.0
4841,21,1.0
4842,0,0.4290252655926988
4843,8,0.8671146620903188
4844,-1,0.0
4845,-1,0.0
4846,6,0.3445204474546578
4847,2,0.9908152665614779
4848,-1,0.0
4849,22,1.0
4850,21,1.0
4851,-1,0.0
4852,0,1.0
4853,0,0.6456921597257772
4854,0,0.7904352883765938
4855,13,0.48597709139835277
4856,15,1.0
4857,16,0.8357063197175864
4858,27,1.0
4859,27,0.9826956326966443
4860,18,0.9424783295474009
4861,2,1.0
4862,19,0.9614908076840943
4863,18,0.9589230667236057
4864,-1,0.0
4865,1,0.9615460429420827
4866,-1,0.0
4867,8,0.4652334500080852
4868,10,0.8297276530746025
4869,22,1.0
4870,-1,0.0
4871,-1,0.0
4872,20,1.0
4873,14,0.6330831773760371
4874,0,0.8533193929857082
4875,10,0.8755328645064872
4876,-1,0.0
4877,6,0.39603472924405825
4878,-1,0.0
4879,-1,0.0
4880,-1,0.0
4881,-1,0.0
4882,3,0.7511283899976409
4883,0,1.0
4884,2,0.831493124586848
4885,-1,0.0
4886,-1,0.0
4887,21,0.9566390737455329
4888,0,0.6741612327864962
4889,-1,0.0
4890,0,1.0
4891,0,0.8864770666509358
4892,7,1.0
4893,22,1.0
4894,1,1.0
4895,21,0.7967306098138743
4896,-1,0.0
4897,0,0.7549081816625502
4898,1,1.0
4899,8,0.5564987034505896
4900,0,0.8499500496476531
4901,3,0.9047053234600592
4902,14,0.9398085049829845
4903,-1,0.0
4904,0,0.5105281210571436
4905,4,1.0
4906,9,0.6006110178640452
4907,0,0.8309756593035055
4908,-1,0.0
4909,18,0.8989642264311326
4910,2,0.9100299335591208
4911,-1,0.0
4912,6,0.33621557731627916
4913,-1,0.0
4914,-1,0.0
4915,22,1.0
4916,-1,0.0
4917,15,0.5841819583844798
4918,3,0.6939042288679462
4919,0,1.0
4920,-1,0.0
4921,13,0.5002574826175545
4922,12,0.8143842582574782
4923,0,0.8355430113760082
4924,-1,0.0
4925,7,1.0
4926,0,0.6357064124764648
4927,13,0.5270451235493606
4928,0,0.578185511491651
4929,-1,0.0
4930,0,0.9136089195159399
4931,8,0.41789853320360937
4932,17,0.3708797906464273
4933,-1,0.0
4934,-1,0.0
4935,22,0.47050995394730655
4936,0,0.6337504450758361
4937,-1,0.0
4938,-1,0.0
4939,-1,0.0
4940,6,0.40201430112838665
4941,4,1.0
4942,7,1.0
4943,17,0.8835794018356979
4944,-1,0.0
4945,2,0.6725711796872982
4946,17,0.4609799500533407
4947,0,1.0
4948,1,1.0
4949,26,1.0
4950,7,0.7064594509817371
4951,7,1.0
4952,1,0.9568380597632353
4953,1,0.9309017491122515
4954,26,0.9711726007416436
4955,1,1.0
4956,-1,0.0
4957,22,1.0
4958,22,1.0
4959,3,0.6928783271520998
4960,8,0.7055919895433337
4961,3,1.0
4962,29,1.0
4963,-1,0.0
4964,0,1.0
4965,18,0.833221832352738
4966,6,0.4348606086827106
4967,-1,0.0
4968,0,1.0
4969,3,0.7854899604685123
4970,2,0.6103012806155719
4971,-1,0.0
4972,-1,0.0
4973,0,0.8346060364586
4974,13,0.5495028886890477
4975,7,1.0
4976,-1,0.0
4977,11,1.0
4978,27,1.0
4979,2,1.0
4980,18,0.962870320169099
4981,19,0.9928799710487898
4982,3,0.953616712092882
4983,16,1.0
4984,22,0.8549690173776477
4985,2,1.0
4986,19,1.0
4987,16,0.913597436722295
4988,13,0.5495028886890477
4989,2,1.0
4990,-1,0.0
4991,0,1.0
4992,4,1.0
4993,8,1.0
4994,3,1.0
4995,-1,0.0
4996,-1,0.0
4997,0,1.0
4998,7,0.34731202512604537
4999,-1,0.0
5000,4,0.8993520235248648
5001,0,0.7382873334293243
5002,3,0.9276001367685959
5003,3,1.0
5004,0,0.9721948891081198
5005,-1,0.0
5006,11,1.0
5007,2,1.0
5008,-1,0.0
5009,19,1.0
5010,-1,0.0
5011,22,0.9460839429986528
5012,22,1.0
5013,11,1.0
5014,13,0.5495028886890477
5015,0,0.6908967189881876
5016,0,1.0
5017,3,0.7985906446744957
5018,-1,0.0
5019,-1,0.0
5020,6,0.3337051979977263
5021,5,0.7530111874492907
5022,28,1.0
5023,9,0.85039514803412
5024,-1,0.0
5025,14,0.9517520393379224
5026,0,0.6561695382702641
5027,-1,0.0
5028,12,0.9434403006232006
5029,13,0.5303854719165312
5030,-1,0.0
5031,2,0.6725711796872982
5032,13,0.5283055802746315
5033,3,1.0
5034,-1,0.0
5035,-1,0.0
5036,22,1.0
5037,15,1.0
5038,-1,0.0
5039,-1,0.0
5040,2,1.0
5041,-1,0.0
5042,1,1.0
5043,-1,0.0
5044,3,1.0
5045,26,0.9704503284429531
5046,-1,0.0
5047,3,1.0
5048,-1,0.0
5049,-1,0.0
5050,-1,0.0
5051,0,1.0
5052,11,1.0
5053,11,0.9104671961450729
5054,11,0.9742569566611352
5055,0,0.8481784935461465
5056,0,1.0
5057,0,1.0
5058,5,0.7453166753423442
5059,10,0.91894558427324
5060,10,0.8638662933595702
5061,-1,0.0
5062,13,0.4166269795487554
5063,0,1.0
5064,-1,0.0
5065,-1,0.0
5066,0,1.0
5067,-1,0.0
5068,3,0.9681856473595227
5069,0,1.0
5070,29,1.0
5071,-1,0.0
5072,0,0.9205931173456162
5073,0,1.0
5074,0,0.9698589645104458
5075,2,1.0
5076,0,0.9477404387812064
5077,22,0.7403146004206617
5078,-1,0.0
5079,8,0.6980962123325707
5080,17,1.0
5081,21,1.0
5082,21,1.0
5083,0,1.0
5084,13,0.5182461075615152
5085,-1,0.0
5086,11,0.9424580204687681
5087,2,1.0
5088,16,1.0
5089,15,0.9987457738120373
5090,22,0.7807082877108238
5091,22,0.939345170520096
5092,-1,0.0
5093,4,0.9925985326109419
5094,-1,0.0
5095,-1,0.0
5096,14,1.0
5097,4,0.9387590494244452
5098,24,1.0
5099,-1,0.0
5100,23,0.8592379848440388
5101,0,0.7746821952730369
5102,-1,0.0
5103,0,1.0
5104,13,0.48413655491728824
5105,13,0.5238360302823618
5106,-1,0.0
5107,13,0.5495028886890477
5108,13,0.7104815116504988
5109,11,1.0
5110,2,1.0
5111,2,1.0
5112,20,0.6489893887434024
5113,3,0.9658066128964449
5114,16,1.0
5115,-1,0.0
5116,-1,0.0
5117,-1,0.0
5118,-1,0.0
5119,12,0.8287654534234856
5120,-1,0.0
5121,-1,0.0
5122,-1,0.0
5123,-1,0.0
5124,6,0.3445204474546578
5125,19,0.5054423877335628
5126,12,0.8200486120497503
5127,-1,0.0
5128,0,1.0
5129,22,1.0
5130,7,1.0
5131,11,1.0
5132,-1,0.0
5133,-1,0.0
5134,-1,0.0
5135,-1,0.0
5136,16,1.0
5137,-1,0.0
5138,-1,0.0
5139,-1,0.0
5140,7,1.0
5141,0,1.0
5142,11,1.0
5143,18,0.8197358613714296
5144,16,0.8724148078344413
5145,-1,0.0
5146,25,1.0
5147,25,1.0
5148,22,0.5075297952016278
5149,-1,0.0
5150,-1,0.0
5151,-1,0.0
5152,0,0.552865248619478
5153,25,1.0
5154,0,0.9734704501162256
5155,25,0.7202042888525991
5156,0,0.7537841639440584
5157,0,0.6329101816776501
5158,0,0.7351538698285648
5159,0,0.5063762248179423
5160,-1,0.0
5161,-1,0.0
5162,-1,0.0
5163,0,0.9658109038389986
5164,0,1.0
5165,0,1.0
5166,-1,0.0
5167,6,0.3879977612575965
5168,-1,0.0
5169,-1,0.0
5170,0,1.0
5171,13,0.49792298605107
5172,0,1.0
5173,0,1.0
5174,0,0.9936666286990594
5175,-1,0.0
5176,7,0.9777998282197014
5177,7,1.0
5178,7,1.0
5179,7,0.9960553081463803
5180,7,1.0
5181,15,0.8648225258304584
5182,-1,0.0
5183,12,0.9373285686431738
5184,19,1.0
5185,19,1.0
5186,19,1.0
5187,16,0.9313503885126284
5188,-1,0.0
5189,-1,0.0
5190,1,1.0
5191,16,1.0
5192,16,1.0
5193,18,0.9408530112236536
5194,-1,0.0
5195,-1,0.0
5196,22,1.0
5197,1,1.0
5198,-1,0.0
5199,25,1.0
5200,25,0.8899370037205682
5201,-1,0.0
5202,-1,0.0
5203,9,0.7486623887862195
5204,6,0.3361035712687971
5205,10,1.0
5206,-1,0.0
5207,21,0.5544483233053117
5208,0,1.0
5209,0,0.9447547888724226
5210,2,1.0
5211,13,0.5495028886890477
5212,2,0.6711909816060079
5213,11,0.8735107240992591
5214,11,0.9790438013816364
5215,23,1.0
5216,-1,0.0
5217,2,1.0
5218,2,1.0
5219,20,0.6280166627457314
5220,20,0.6193969798946276
5221,16,0.7934808220430956
5222,-1,0.0
5223,24,0.9986060613981346
5224,-1,0.0
5225,25,1.0
5226,-1,0.0
5227,20,1.0
5228,3,0.658980827727175
5229,10,0.9669386927326814
5230,0,0.5861034857198419
5231,12,0.8782150503781463
5232,-1,0.0
5233,21,1.0
5234,2,1.0
5235,-1,0.0
5236,0,1.0
5237,2,0.7702738878168831
5238,0,0.3977936543783915
5239,0,0.9954584285544527
5240,7,1.0
5241,3,0.8984617310019927
5242,0,0.5693594856072395
5243,0,1.0
5244,0,0.8278326686680565
5245,0,1.0
5246,4,1.0
5247,16,0.8746267973351444
5248,4,1.0
5249,-1,0.0
5250,-1,0.0
5251,-1,0.0
5252,0,1.0
5253,0,0.9428620109691883
5254,-1,0.0
5255,-1,0.0
5256,2,1.0
5257,-1,0.0
5258,2,1.0
5259,2,0.9392701498108021
5260,1,1.0
5261,-1,0.0
5262,13,0.4304602097139015
5263,0,1.0
5264,7,1.0
5265,7,0.8671505597688149
5266,0,0.7739223826960523
5267,0,0.41682361969561416
5268,4,1.0
5269,26,1.0
5270,0,1.0
5271,19,1.0
5272,0,1.0
5273,-1,0.0
5274,0,1.0
5275,0,0.9577431097390671
5276,3,0.7628046895932651
5277,-1,0.0
5278,0,1.0
5279,2,0.8206146991421185
5280,2,1.0
5281,-1,0.0
5282,3,0.7759038578870452
5283,-1,0.0
5284,17,0.8540882479522859
5285,17,0.8865082884073547
5286,-1,0.0
5287,2,0.9461526747480623
5288,7,0.46908739630550567
5289,22,0.5581780796457173
5290,3,0.8924958860738164
5291,5,0.707912325530506
5292,0,1.0
5293,-1,0.0
5294,0,0.8197678362957451
5295,3,0.7412767772489894
5296,-1,0.0
5297,0,0.45584367213998794
5298,0,0.7002695655573339
5299,-1,0.0
5300,0,1.0
5301,13,0.41905651168137265
5302,-1,0.0
5303,0,0.9842561396422075
5304,3,0.8195081541422011
5305,0,0.44311016451274754
5306,0,0.6614134115457416
5307,0,0.4451506511824654
5308,-1,0.0
5309,7,1.0
5310,11,1.0
5311,2,1.0
5312,16,0.9308356274964271
5313,16,1.0
5314,22,1.0
5315,-1,0.0
5316,2,0.9100299335591208
5317,0,1.0
5318,5,0.59301277397897
5319,0,0.9442708788090739
5320,-1,0.0
5321,6,0.39235049721607934
5322,-1,0.0
5323,21,0.5420294236481781
5324,13,0.517228050560853
5325,0,1.0
5326,-1,0.0
5327,2,1.0
5328,-1,0.0
5329,2,1.0
5330,-1,0.0
5331,19,1.0
5332,16,0.7952483559741832
5333,-1,0.0
5334,3,0.8289601458893742
5335,-1,0.0
5336,2,1.0
5337,7,0.3544442243100069
5338,0,0.7062553706794619
5339,0,0.6860121954011621
5340,-1,0.0
5341,2,1.0
5342,13,0.45377687174141035
5343,13,0.5194803984964529
5344,2,0.8819014545102132
5345,-1,0.0
5346,0,1.0
5347,0,0.9236773492652809
5348,14,1.0
5349,14,0.9254235480349912
5350,14,0.8427826214327764
5351,-1,0.0
5352,-1,0.0
5353,-1,0.0
5354,22,1.0
5355,1,1.0
5356,-1,0.0
5357,-1,0.0
5358,27,1.0
5359,-1,0.0
5360,-1,0.0
5361,3,0.7683055942273042
5362,0,1.0
5363,-1,0.0
5364,-1,0.0
5365,0,1.0
5366,-1,0.0
5367,16,0.7745632280404268
5368,-1,0.0
5369,3,0.6951753597827091
5370,21,0.923758559755285
5371,-1,0.0
5372,3,0.9522982649785308
5373,3,0.7458351785589573
5374,22,0.45366303826945703
5375,2,0.9100299335591208
5376,0,0.5770006096220007
5377,-1,0.0
5378,2,0.9785687240148525
5379,7,1.0
5380,3,0.7304742950379514
5381,6,0.25123755231273787
5382,22,0.8992499606298194
5383,22,1.0
5384,1,1.0
5385,8,0.501997855647826
5386,-1,0.0
5387,-1,0.0
5388,-1,0.0
5389,0,0.988510699534645
5390,17,0.9521481512612239
5391,17,1.0
5392,0,0.9601025798321021
5393,-1,0.0
5394,4,1.0
5395,-1,0.0
5396,16,0.8733036170310929
5397,-1,0.0
5398,-1,0.0
5399,2,0.7111486124010263
5400,17,0.5595221588870917
5401,0,0.582664071672961
5402,-1,0.0
5403,-1,0.0
5404,11,0.6944440543583893
5405,2,0.8749700956987019
5406,2,0.8643025771549208
5407,-1,0.0
5408,-1,0.0
5409,-1,0.0
5410,-1,0.0
5411,-1,0.0
5412,16,1.0
5413,-1,0.0
5414,16,0.885793435269417
5415,-1,0.0
5416,9,0.9571825716694469
5417,28,1.0
5418,23,1.0
5419,23,1.0
5420,23,0.9920200714699895
5421,23,1.0
5422,24,0.999892160053509
5423,4,1.0
5424,14,0.9714094755679703
5425,29,1.0
5426,-1,0.0
5427,16,1.0
5428,4,0.9288334855047544
5429,-1,0.0
5430,-1,0.0
5431,16,0.8293121812882447
5432,13,0.5804227773822193
5433,16,0.8508402795634634
5434,13,0.49334813292078106
5435,20,0.6379361760234177
5436,-1,0.0
5437,2,0.7984793600180559
5438,11,0.6393009391832251
5439,-1,0.0
5440,-1,0.0
5441,2,0.9100299335591208
5442,-1,0.0
5443,11,0.6523526084980784
5444,15,1.0
5445,22,1.0
5446,1,1.0
5447,8,0.4902868591881277
5448,10,0.8435641343594906
5449,4,0.985808664706254
5450,4,1.0
5451,-1,0.0
5452,3,0.8693149088358165
5453,11,0.6523526084980784
5454,11,0.8921170713720032
5455,1,1.0
5456,-1,0.0
5457,0,1.0
5458,2,0.6914512815789474
5459,-1,0.0
5460,0,0.6333829233621184
5461,21,0.753908406013776
5462,21,0.7888949759479128
5463,20,1.0
5464,-1,0.0
5465,-1,0.0
5466,9,0.8020725776825892
5467,13,0.3943532221881871
5468,-1,0.0
5469,0,0.5752355232870121
5470,-1,0.0
5471,7,0.8492502834663699
5472,-1,0.0
5473,-1,0.0
5474,-1,0.0
5475,3,0.7751327911168296
5476,-1,0.0
5477,22,1.0
5478,0,0.668018709228957
5479,4,0.9926787066245315
5480,0,0.840657613523536
5481,-1,0.0
5482,16,1.0
5483,0,0.8267187743414556
5484,15,0.5211408032528009
5485,-1,0.0
5486,-1,0.0
5487,0,1.0
5488,0,0.802429320250769
5489,0,0.7110455337212589
5490,15,0.4668088336941826
5491,-1,0.0
5492,0,0.815682427115822
5493,-1,0.0
5494,-1,0.0
5495,-1,0.0
5496,16,0.8353037719281474
5497,-1,0.0
5498,-1,0.0
5499,0,1.0
5500,4,0.9673340133669399
5501,-1,0.0
5502,15,0.5496439521154692
5503,-1,0.0
5504,13,0.5291896333248447
5505,0,0.6939819280077295
5506,-1,0.0
5507,19,1.0
5508,0,0.990866375879641
5509,0,1.0
5510,10,0.9587706040429368
5511,10,0.782829227140191
5512,-1,0.0
5513,0,0.5664273480323724
5514,0,0.889339484967017
5515,-1,0.0
5516,11,0.9628949872298407
5517,3,0.7637472748220158
5518,2,0.7253767273583708
5519,11,1.0
5520,11,0.8482271107835877
5521,23,1.0
5522,-1,0.0
5523,2,0.5172399435250564
5524,-1,0.0
5525,-1,0.0
5526,18,0.9910034313761437
5527,15,0.9397042955661138
5528,-1,0.0
5529,-1,0.0
5530,-1,0.0
5531,10,0.9924238991644304
5532,0,0.8531346119315811
5533,-1,0.0
5534,3,1.0
5535,20,1.0
5536,-1,0.0
5537,0,0.5696695907964902
5538,-1,0.0
5539,6,0.28572324719547665
5540,-1,0.0
5541,0,0.8336678153922263
5542,-1,0.0
5543,-1,0.0
5544,-1,0.0
5545,21,1.0
5546,11,0.7477334477935994
5547,3,0.7315539448876983
5548,0,0.5620113205970624
5549,2,0.6962492098811189
5550,-1,0.0
5551,-1,0.0
5552,0,0.527647034222765
5553,3,0.8359958910274023
5554,-1,0.0
5555,0,0.5246260363389365
5556,0,0.5263105914948334
5557,-1,0.0
5558,6,0.2803412283271787
5559,0,0.5227735120783101
5560,26,0.9922074632485656
5561,0,1.0
5562,17,0.4210914450438067
5563,-1,0.0
5564,-1,0.0
5565,4,0.8993883237833542
5566,-1,0.0
5567,7,0.44967302312620694
5568,-1,0.0
5569,14,0.6476923680547139
5570,3,0.7181380693312164
5571,2,0.6943707427341211
5572,12,0.788169095883843
5573,0,0.5647294686030387
5574,0,1.0
5575,15,0.5542410828881458
5576,15,0.5462390665586421
5577,-1,0.0
5578,2,0.8059153620207993
5579,3,0.833255166891241
5580,7,0.3176472844816588
5581,0,0.5482534730975519
5582,1,1.0
5583,-1,0.0
5584,0,1.0
5585,22,1.0
5586,8,0.600743333857753
5587,1,1.0
5588,0,0.5561874641686511
5589,-1,0.0
5590,1,1.0
5591,0,0.7572744783036102
5592,-1,0.0
5593,-1,0.0
5594,-1,0.0
5595,-1,0.0
5596,3,0.7255738276251913
5597,0,0.9780042425672582
5598,26,1.0
5599,-1,0.0
5600,-1,0.0
5601,-1,0.0
5602,3,0.7856709919633077
5603,0,0.4617736506415969
5604,3,0.9194382318453219
5605,-1,0.0
5606,-1,0.0
5607,12,0.8224058178723689
5608,16,0.8716985359386958
5609,-1,0.0
5610,3,1.0
5611,-1,0.0
5612,0,0.5798560807224296
5613,2,0.6652527816943035
5614,-1,0.0
5615,-1,0.0
5616,22,1.0
5617,1,1.0
5618,-1,0.0
5619,0,0.7258243743450864
5620,-1,0.0
5621,-1,0.0
5622,-1,0.0
5623,0,1.0
5624,-1,0.0
5625,-1,0.0
5626,16,1.0
5627,0,1.0
5628,13,0.44555743050269786
5629,0,0.8995487564137008
5630,0,0.7022686128000586
5631,0,0.713084329594293
5632,2,0.9100299335591208
5633,-1,0.0
5634,7,1.0
5635,11,1.0
5636,20,0.6489893887434024
5637,-1,0.0
5638,22,1.0
5639,1,1.0
5640,9,0.9193745677191992
5641,0,0.5924748293202708
5642,13,0.4833883153948601
5643,27,1.0
5644,2,0.7176179617240677
5645,19,1.0
5646,10,0.804245284873433
5647,16,1.0
5648,0,1.0
5649,0,1.0
5650,2,0.7135105859196827
5651,-1,0.0
5652,-1,0.0
5653,0,1.0
5654,0,1.0
5655,11,1.0
5656,24,1.0
5657,0,1.0
5658,-1,0.0
5659,-1,0.0
5660,-1,0.0
5661,0,0.964287260327109
5662,-1,0.0
5663,3,0.6110073053585888
5664,7,0.8924457714228804
5665,11,1.0
5666,2,0.8340803751789603
5667,20,0.6489893887434024
5668,22,0.7337922960674219
5669,-1,0.0
5670,-1,0.0
5671,3,1.0
5672,-1,0.0
5673,0,1.0
5674,0,1.0
5675,0,1.0
5676,4,1.0
5677,-1,0.0
5678,-1,0.0
5679,-1,0.0
5680,5,0.7212593754846479
5681,-1,0.0
5682,28,1.0
5683,-1,0.0
5684,-1,0.0
5685,11,1.0
5686,7,0.3546043009134191
5687,11,1.0
5688,2,0.903429723623866
5689,3,0.7941730464293014
5690,-1,0.0
5691,22,0.533232798078104
5692,-1,0.0
5693,3,1.0
